Player,Draft Class,Y1-BPM,Y1-MP,Y1-G,Y1-GS,Y1-FG,Y1-FGA,Y1-2P,Y1-2PA,Y1-3P,Y1-3PA,Y1-FT,Y1-FTA,Y1-ORB,Y-1DRB,Y1-TRB,Y1-AST,Y1-STL,Y1-BLK,Y1-TOV,Y1-PF,Y1-PTS,Y1-FG_pergame,Y1-FGA_pergame,Y1-2P_pergame,Y1-2PA_pergame,Y1-3P_pergame,Y1-3PA_pergame,Y1-FT_pergame,Y1-FTA_pergame,Y1-ORB_pergame,Y-1DRB_pergame,Y1-TRB_pergame,Y1-AST_pergame,Y1-STL_pergame,Y1-BLK_pergame,Y1-TOV_pergame,Y1-PF_pergame,Y1-PTS_pergame,Y1-FG_per36,Y1-FGA_per36,Y1-2P_per36,Y1-2PA_per36,Y1-3P_per36,Y1-3PA_per36,Y1-FT_per36,Y1-FTA_per36,Y1-ORB_per36,Y-1DRB_per36,Y1-TRB_per36,Y1-AST_per36,Y1-STL_per36,Y1-BLK_per36,Y1-TOV_per36,Y1-PF_per36,Y1-PTS_per36,Y1-FG%,Y1-2P%,Y1-3P%,Y1-eFG%,Y1-FT%,Y1-TS%,Y2-BPM,Y2-MP,Y2-G,Y2-GS,Y2-FG,Y2-FGA,Y2-2P,Y2-2PA,Y2-3P,Y2-3PA,Y2-FT,Y2-FTA,Y2-ORB,Y-1DRB,Y2-TRB,Y2-AST,Y2-STL,Y2-BLK,Y2-TOV,Y2-PF,Y2-PTS,Y2-FG_pergame,Y2-FGA_pergame,Y2-2P_pergame,Y2-2PA_pergame,Y2-3P_pergame,Y2-3PA_pergame,Y2-FT_pergame,Y2-FTA_pergame,Y2-ORB_pergame,Y-1DRB_pergame,Y2-TRB_pergame,Y2-AST_pergame,Y2-STL_pergame,Y2-BLK_pergame,Y2-TOV_pergame,Y2-PF_pergame,Y2-PTS_pergame,Y2-FG_per36,Y2-FGA_per36,Y2-2P_per36,Y2-2PA_per36,Y2-3P_per36,Y2-3PA_per36,Y2-FT_per36,Y2-FTA_per36,Y2-ORB_per36,Y-1DRB_per36,Y2-TRB_per36,Y2-AST_per36,Y2-STL_per36,Y2-BLK_per36,Y2-TOV_per36,Y2-PF_per36,Y2-PTS_per36,Y2-FG%,Y2-2P%,Y2-3P%,Y2-eFG%,Y2-FT%,Y2-TS%
Ben Simmons,2016,4.5,2732,81,81,544,998,544,987,0,11,191,341,145,514,659,661,140,70,278,211,1279,6.7,12.3,6.7,12.2,0,0.1,2.4,4.2,1.8,6.3,8.1,8.2,1.7,0.9,3.4,2.6,15.8,7.2,13.2,7.2,13,0,0.1,2.5,4.5,1.9,6.8,8.7,8.7,1.8,0.9,3.7,2.8,16.9,0.545,0.551,0,0.545,0.56,0.557,3.6,2700,79,79,540,960,540,954,0,6,257,428,172,525,697,610,112,61,274,209,1337,6.8,12.2,6.8,12.1,0,0.1,3.3,5.4,2.2,6.6,8.8,7.7,1.4,0.8,3.5,2.6,16.9,7.2,12.8,7.2,12.7,0,0.1,3.4,5.7,2.3,7,9.3,8.1,1.5,0.8,3.7,2.8,17.8,0.563,0.566,0,0.563,0.6,0.582
Donovan Mitchell,2017,1.2,2638,79,71,595,1362,408,812,187,550,239,297,52,244,296,291,118,27,215,213,1616,7.5,17.2,5.2,10.3,2.4,7,3,3.8,0.7,3.1,3.7,3.7,1.5,0.3,2.7,2.7,20.5,8.1,18.6,5.6,11.1,2.6,7.5,3.3,4.1,0.7,3.3,4,4,1.6,0.4,2.9,2.9,22.1,0.437,0.502,0.34,0.506,0.805,0.541,1.3,2598,77,77,661,1530,473,1011,188,519,319,396,59,257,316,322,106,31,218,208,1829,8.6,19.9,6.1,13.1,2.4,6.7,4.1,5.1,0.8,3.3,4.1,4.2,1.4,0.4,2.8,2.7,23.8,9.2,21.2,6.6,14,2.6,7.2,4.4,5.5,0.8,3.6,4.4,4.5,1.5,0.4,3,2.9,25.3,0.432,0.468,0.362,0.493,0.806,0.537
Karl-Anthony Towns,2015,2.2,2627,82,82,625,1153,595,1065,30,88,223,275,229,629,858,161,58,138,183,245,1503,7.6,14.1,7.3,13,0.4,1.1,2.7,3.4,2.8,7.7,10.5,2,0.7,1.7,2.2,3,18.3,8.6,15.8,8.2,14.6,0.4,1.2,3.1,3.8,3.1,8.6,11.8,2.2,0.8,1.9,2.5,3.4,20.6,0.542,0.559,0.341,0.555,0.811,0.59,4.7,3030,82,82,802,1480,701,1205,101,275,356,428,296,711,1007,220,56,103,212,241,2061,9.8,18,8.5,14.7,1.2,3.4,4.3,5.2,3.6,8.7,12.3,2.7,0.7,1.3,2.6,2.9,25.1,9.5,17.6,8.3,14.3,1.2,3.3,4.2,5.1,3.5,8.4,12,2.6,0.7,1.2,2.5,2.9,24.5,0.542,0.582,0.367,0.576,0.832,0.618
Collin Sexton,2018,-4.7,2605,82,72,519,1206,400,910,119,296,214,255,57,179,236,243,44,6,185,186,1371,6.3,14.7,4.9,11.1,1.5,3.6,2.6,3.1,0.7,2.2,2.9,3,0.5,0.1,2.3,2.3,16.7,7.2,16.7,5.5,12.6,1.6,4.1,3,3.5,0.8,2.5,3.3,3.4,0.6,0.1,2.6,2.6,18.9,0.43,0.44,0.402,0.48,0.839,0.52,-1.8,2143,65,65,513,1086,416,831,97,255,226,267,61,143,204,192,65,7,158,142,1349,7.9,16.7,6.4,12.8,1.5,3.9,3.5,4.1,0.9,2.2,3.1,3,1,0.1,2.4,2.2,20.8,8.6,18.2,7,14,1.6,4.3,3.8,4.5,1,2.4,3.4,3.2,1.1,0.1,2.7,2.4,22.7,0.472,0.501,0.38,0.517,0.846,0.56
Trae Young,2018,-0.6,2503,81,81,525,1256,369,774,156,482,343,414,64,237,301,653,72,15,308,140,1549,6.5,15.5,4.6,9.6,1.9,6,4.2,5.1,0.8,2.9,3.7,8.1,0.9,0.2,3.8,1.7,19.1,7.6,18.1,5.3,11.1,2.2,6.9,4.9,6,0.9,3.4,4.3,9.4,1,0.2,4.4,2,22.3,0.418,0.477,0.324,0.48,0.829,0.539,4,2120,60,60,546,1249,341,681,205,568,481,559,32,223,255,560,65,8,289,104,1778,9.1,20.8,5.7,11.4,3.4,9.5,8,9.3,0.5,3.7,4.3,9.3,1.1,0.1,4.8,1.7,29.6,9.3,21.2,5.8,11.6,3.5,9.6,8.2,9.5,0.5,3.8,4.3,9.5,1.1,0.1,4.9,1.8,30.2,0.437,0.501,0.361,0.519,0.86,0.595
Jayson Tatum,2017,1.2,2438,80,80,397,835,292,593,105,242,213,258,50,352,402,128,83,58,114,170,1112,5,10.4,3.7,7.4,1.3,3,2.7,3.2,0.6,4.4,5,1.6,1,0.7,1.4,2.1,13.9,5.9,12.3,4.3,8.8,1.6,3.6,3.1,3.8,0.7,5.2,5.9,1.9,1.2,0.9,1.7,2.5,16.4,0.475,0.492,0.434,0.538,0.826,0.586,-0.2,2455,79,79,466,1036,350,725,116,311,195,228,70,407,477,168,84,57,122,168,1243,5.9,13.1,4.4,9.2,1.5,3.9,2.5,2.9,0.9,5.2,6,2.1,1.1,0.7,1.5,2.1,15.7,6.8,15.2,5.1,10.6,1.7,4.6,2.9,3.3,1,6,7,2.5,1.2,0.8,1.8,2.5,18.2,0.45,0.483,0.373,0.506,0.855,0.547
Mikal Bridges,2018,-1.6,2417,82,56,242,563,137,250,105,313,95,118,56,208,264,173,129,38,70,201,684,3,6.9,1.7,3,1.3,3.8,1.2,1.4,0.7,2.5,3.2,2.1,1.6,0.5,0.9,2.5,8.3,3.6,8.4,2,3.7,1.6,4.7,1.4,1.8,0.8,3.1,3.9,2.6,1.9,0.6,1,3,10.2,0.43,0.548,0.335,0.523,0.805,0.556,0.7,1878,68,27,219,430,159,259,60,171,93,111,60,209,269,121,98,42,69,151,591,3.2,6.3,2.3,3.8,0.9,2.5,1.4,1.6,0.9,3.1,4,1.8,1.4,0.6,1,2.2,8.7,4.2,8.2,3,5,1.2,3.3,1.8,2.1,1.2,4,5.2,2.3,1.9,0.8,1.3,2.9,11.3,0.509,0.614,0.351,0.579,0.838,0.617
Kyle Kuzma,2017,-0.7,2401,77,37,468,1039,309,605,159,434,147,208,88,395,483,141,49,34,140,160,1242,6.1,13.5,4,7.9,2.1,5.6,1.9,2.7,1.1,5.1,6.3,1.8,0.6,0.4,1.8,2.1,16.1,7,15.6,4.6,9.1,2.4,6.5,2.2,3.1,1.3,5.9,7.2,2.1,0.7,0.5,2.1,2.4,18.6,0.45,0.511,0.366,0.527,0.707,0.549,-1.4,2314,70,68,496,1087,368,665,128,422,188,250,60,322,382,178,41,26,133,170,1308,7.1,15.5,5.3,9.5,1.8,6,2.7,3.6,0.9,4.6,5.5,2.5,0.6,0.4,1.9,2.4,18.7,7.7,16.9,5.7,10.3,2,6.6,2.9,3.9,0.9,5,5.9,2.8,0.6,0.4,2.1,2.6,20.3,0.456,0.553,0.303,0.515,0.752,0.546
Dillon Brooks,2017,-4,2350,82,74,340,772,246,508,94,264,124,166,49,208,257,135,73,17,124,233,898,4.1,9.4,3,6.2,1.1,3.2,1.5,2,0.6,2.5,3.1,1.6,0.9,0.2,1.5,2.8,11,5.2,11.8,3.8,7.8,1.4,4,1.9,2.5,0.8,3.2,3.9,2.1,1.1,0.3,1.9,3.6,13.8,0.44,0.484,0.356,0.501,0.747,0.531,-6.3,330,18,0,49,122,34,82,15,40,22,30,9,22,31,16,10,4,19,50,135,2.7,6.8,1.9,4.6,0.8,2.2,1.2,1.7,0.5,1.2,1.7,0.9,0.6,0.2,1.1,2.8,7.5,5.3,13.3,3.7,8.9,1.6,4.4,2.4,3.3,1,2.4,3.4,1.7,1.1,0.4,2.1,5.5,14.7,0.402,0.415,0.375,0.463,0.733,0.499
Luka Dončić,2018,3.9,2318,72,72,506,1186,338,672,168,514,346,485,86,477,563,429,77,25,247,137,1526,7,16.5,4.7,9.3,2.3,7.1,4.8,6.7,1.2,6.6,7.8,6,1.1,0.3,3.4,1.9,21.2,7.9,18.4,5.2,10.4,2.6,8,5.4,7.5,1.3,7.4,8.7,6.7,1.2,0.4,3.8,2.1,23.7,0.427,0.503,0.327,0.497,0.713,0.545,8.4,1923,57,57,546,1182,387,673,159,509,400,530,75,468,543,503,60,13,247,147,1651,9.6,20.7,6.8,11.8,2.8,8.9,7,9.3,1.3,8.2,9.5,8.8,1.1,0.2,4.3,2.6,29,10.2,22.1,7.2,12.6,3,9.5,7.5,9.9,1.4,8.8,10.2,9.4,1.1,0.2,4.6,2.8,30.9,0.462,0.575,0.312,0.529,0.755,0.583
Brandon Ingram,2016,-4.4,2279,79,40,276,686,221,499,55,187,133,214,60,256,316,166,50,36,116,158,740,3.5,8.7,2.8,6.3,0.7,2.4,1.7,2.7,0.8,3.2,4,2.1,0.6,0.5,1.5,2,9.4,4.4,10.8,3.5,7.9,0.9,3,2.1,3.4,0.9,4,5,2.6,0.8,0.6,1.8,2.5,11.7,0.402,0.443,0.294,0.442,0.621,0.474,-1.2,1975,59,59,358,761,317,656,41,105,192,282,57,257,314,230,45,43,149,163,949,6.1,12.9,5.4,11.1,0.7,1.8,3.3,4.8,1,4.4,5.3,3.9,0.8,0.7,2.5,2.8,16.1,6.5,13.9,5.8,12,0.7,1.9,3.5,5.1,1,4.7,5.7,4.2,0.8,0.8,2.7,3,17.3,0.47,0.483,0.39,0.497,0.681,0.536
D'Angelo Russell,2015,-2.3,2259,80,48,392,956,262,586,130,370,140,190,47,227,274,266,93,13,196,142,1054,4.9,12,3.3,7.3,1.6,4.6,1.8,2.4,0.6,2.8,3.4,3.3,1.2,0.2,2.5,1.8,13.2,6.2,15.2,4.2,9.3,2.1,5.9,2.2,3,0.7,3.6,4.4,4.2,1.5,0.2,3.1,2.3,16.8,0.41,0.447,0.351,0.478,0.737,0.507,-0.8,1811,63,60,351,867,216,483,135,384,147,188,31,190,221,303,87,16,176,130,984,5.6,13.8,3.4,7.7,2.1,6.1,2.3,3,0.5,3,3.5,4.8,1.4,0.3,2.8,2.1,15.6,7,17.2,4.3,9.6,2.7,7.6,2.9,3.7,0.6,3.8,4.4,6,1.7,0.3,3.5,2.6,19.6,0.405,0.447,0.352,0.483,0.782,0.518
Justise Winslow,2015,-2.6,2232,78,8,195,462,163,346,32,116,80,117,81,322,403,117,68,26,95,184,502,2.5,5.9,2.1,4.4,0.4,1.5,1,1.5,1,4.1,5.2,1.5,0.9,0.3,1.2,2.4,6.4,3.1,7.5,2.6,5.6,0.5,1.9,1.3,1.9,1.3,5.2,6.5,1.9,1.1,0.4,1.5,3,8.1,0.422,0.471,0.276,0.457,0.684,0.489,-3.8,625,18,15,80,225,73,190,7,35,29,47,23,71,94,66,26,6,33,52,196,4.4,12.5,4.1,10.6,0.4,1.9,1.6,2.6,1.3,3.9,5.2,3.7,1.4,0.3,1.8,2.9,10.9,4.6,13,4.2,10.9,0.4,2,1.7,2.7,1.3,4.1,5.4,3.8,1.5,0.3,1.9,3,11.3,0.356,0.384,0.2,0.371,0.617,0.399
Deandre Ayton,2018,0.2,2183,71,70,509,870,509,866,0,4,141,189,223,506,729,125,61,67,126,209,1159,7.2,12.3,7.2,12.2,0,0.1,2,2.7,3.1,7.1,10.3,1.8,0.9,0.9,1.8,2.9,16.3,8.4,14.3,8.4,14.3,0,0.1,2.3,3.1,3.7,8.3,12,2.1,1,1.1,2.1,3.4,19.1,0.585,0.588,0,0.585,0.746,0.608,0.5,1090,33,28,278,505,275,496,3,9,61,81,132,255,387,64,22,53,73,107,620,8.4,15.3,8.3,15,0.1,0.3,1.8,2.5,4,7.7,11.7,1.9,0.7,1.6,2.2,3.2,18.8,9.2,16.7,9.1,16.4,0.1,0.3,2,2.7,4.4,8.4,12.8,2.1,0.7,1.8,2.4,3.5,20.5,0.55,0.554,0.333,0.553,0.753,0.573
Shai Gilgeous-Alexander,2018,-0.5,2174,82,73,341,716,290,577,51,139,156,195,57,175,232,270,96,45,141,175,889,4.2,8.7,3.5,7,0.6,1.7,1.9,2.4,0.7,2.1,2.8,3.3,1.2,0.5,1.7,2.1,10.8,5.6,11.9,4.8,9.6,0.8,2.3,2.6,3.2,0.9,2.9,3.8,4.5,1.6,0.7,2.3,2.9,14.7,0.476,0.503,0.367,0.512,0.8,0.554,1.7,2285,65,65,454,960,371,727,83,233,268,334,45,346,391,216,73,45,122,114,1259,7,14.8,5.7,11.2,1.3,3.6,4.1,5.1,0.7,5.3,6,3.3,1.1,0.7,1.9,1.8,19.4,7.2,15.1,5.8,11.5,1.3,3.7,4.2,5.3,0.7,5.5,6.2,3.4,1.2,0.7,1.9,1.8,19.8,0.473,0.51,0.356,0.516,0.802,0.569
Kevin Knox,2018,-5.7,2158,75,57,338,914,213,550,125,364,162,226,61,274,335,82,43,24,114,175,963,4.5,12.2,2.8,7.3,1.7,4.9,2.2,3,0.8,3.7,4.5,1.1,0.6,0.3,1.5,2.3,12.8,5.6,15.2,3.6,9.2,2.1,6.1,2.7,3.8,1,4.6,5.6,1.4,0.7,0.4,1.9,2.9,16.1,0.37,0.387,0.343,0.438,0.717,0.475,-4.2,1166,65,4,144,401,79,202,65,199,66,101,28,156,184,61,23,28,45,106,419,2.2,6.2,1.2,3.1,1,3.1,1,1.6,0.4,2.4,2.8,0.9,0.4,0.4,0.7,1.6,6.4,4.4,12.4,2.4,6.2,2,6.1,2,3.1,0.9,4.8,5.7,1.9,0.7,0.9,1.4,3.3,12.9,0.359,0.391,0.327,0.44,0.653,0.47
Devin Booker,2015,-2.8,2108,76,51,367,867,268,578,99,289,215,256,27,160,187,200,44,20,160,225,1048,4.8,11.4,3.5,7.6,1.3,3.8,2.8,3.4,0.4,2.1,2.5,2.6,0.6,0.3,2.1,3,13.8,6.3,14.8,4.6,9.9,1.7,4.9,3.7,4.4,0.5,2.7,3.2,3.4,0.8,0.3,2.7,3.8,17.9,0.423,0.464,0.343,0.48,0.84,0.535,-1.9,2730,78,78,606,1431,459,1026,147,405,367,441,46,203,249,268,72,21,241,242,1726,7.8,18.3,5.9,13.2,1.9,5.2,4.7,5.7,0.6,2.6,3.2,3.4,0.9,0.3,3.1,3.1,22.1,8,18.9,6.1,13.5,1.9,5.3,4.8,5.8,0.6,2.7,3.3,3.5,0.9,0.3,3.2,3.2,22.8,0.423,0.447,0.363,0.475,0.832,0.531
Emmanuel Mudiay,2015,-4.2,2068,68,66,329,905,255,673,74,232,140,209,32,200,232,372,65,35,217,141,872,4.8,13.3,3.8,9.9,1.1,3.4,2.1,3.1,0.5,2.9,3.4,5.5,1,0.5,3.2,2.1,12.8,5.7,15.8,4.4,11.7,1.3,4,2.4,3.6,0.6,3.5,4,6.5,1.1,0.6,3.8,2.5,15.2,0.364,0.379,0.319,0.404,0.67,0.437,-3.2,1406,55,41,208,551,152,373,56,178,131,167,29,149,178,217,41,13,123,95,603,3.8,10,2.8,6.8,1,3.2,2.4,3,0.5,2.7,3.2,3.9,0.7,0.2,2.2,1.7,11,5.3,14.1,3.9,9.6,1.4,4.6,3.4,4.3,0.7,3.8,4.6,5.6,1,0.3,3.1,2.4,15.4,0.377,0.408,0.315,0.428,0.784,0.483
Dennis Smith,2017,-2.4,2049,69,69,404,1024,298,685,106,339,134,193,50,210,260,358,71,18,194,152,1048,5.9,14.8,4.3,9.9,1.5,4.9,1.9,2.8,0.7,3,3.8,5.2,1,0.3,2.8,2.2,15.2,7.1,18,5.2,12,1.9,6,2.4,3.4,0.9,3.7,4.6,6.3,1.2,0.3,3.4,2.7,18.4,0.395,0.435,0.313,0.446,0.694,0.473,-1.9,1508,53,50,278,650,211,442,67,208,99,156,32,123,155,252,67,20,154,129,722,5.2,12.3,4,8.3,1.3,3.9,1.9,2.9,0.6,2.3,2.9,4.8,1.3,0.4,2.9,2.4,13.6,6.6,15.5,5,10.6,1.6,5,2.4,3.7,0.8,2.9,3.7,6,1.6,0.5,3.7,3.1,17.2,0.428,0.477,0.322,0.479,0.635,0.502
Kevin Huerter,2018,-2.4,2048,75,59,275,657,139,304,136,353,41,56,60,185,245,214,65,25,109,155,727,3.7,8.8,1.9,4.1,1.8,4.7,0.5,0.7,0.8,2.5,3.3,2.9,0.9,0.3,1.5,2.1,9.7,4.8,11.5,2.4,5.3,2.4,6.2,0.7,1,1.1,3.3,4.3,3.8,1.1,0.4,1.9,2.7,12.8,0.419,0.457,0.385,0.522,0.732,0.533,-1.6,1760,56,48,252,610,125,276,127,334,53,64,35,193,228,213,51,27,87,139,684,4.5,10.9,2.2,4.9,2.3,6,0.9,1.1,0.6,3.4,4.1,3.8,0.9,0.5,1.6,2.5,12.2,5.2,12.5,2.6,5.6,2.6,6.8,1.1,1.3,0.7,3.9,4.7,4.4,1,0.6,1.8,2.8,14,0.413,0.453,0.38,0.517,0.828,0.536
Kristaps Porziņģis,2015,0.9,2047,72,72,373,886,292,643,81,243,201,240,132,394,526,94,53,134,121,205,1028,5.2,12.3,4.1,8.9,1.1,3.4,2.8,3.3,1.8,5.5,7.3,1.3,0.7,1.9,1.7,2.8,14.3,6.6,15.6,5.1,11.3,1.4,4.3,3.5,4.2,2.3,6.9,9.3,1.7,0.9,2.4,2.1,3.6,18.1,0.421,0.454,0.333,0.467,0.838,0.518,0.3,2164,66,65,443,985,331,671,112,314,198,252,111,364,475,97,47,129,118,244,1196,6.7,14.9,5,10.2,1.7,4.8,3,3.8,1.7,5.5,7.2,1.5,0.7,2,1.8,3.7,18.1,7.4,16.4,5.5,11.2,1.9,5.2,3.3,4.2,1.8,6.1,7.9,1.6,0.8,2.1,2,4.1,19.9,0.45,0.493,0.357,0.507,0.786,0.546
De'Aaron Fox,2017,-4.2,2026,73,60,328,797,281,644,47,153,141,195,33,171,204,320,70,20,173,163,844,4.5,10.9,3.8,8.8,0.6,2.1,1.9,2.7,0.5,2.3,2.8,4.4,1,0.3,2.4,2.2,11.6,5.8,14.2,5,11.4,0.8,2.7,2.5,3.5,0.6,3,3.6,5.7,1.2,0.4,3.1,2.9,15,0.412,0.436,0.307,0.441,0.723,0.478,1.5,2546,81,81,505,1102,419,870,86,232,303,417,43,261,304,590,133,45,227,204,1399,6.2,13.6,5.2,10.7,1.1,2.9,3.7,5.1,0.5,3.2,3.8,7.3,1.6,0.6,2.8,2.5,17.3,7.1,15.6,5.9,12.3,1.2,3.3,4.3,5.9,0.6,3.7,4.3,8.3,1.9,0.6,3.2,2.9,19.8,0.458,0.482,0.371,0.497,0.727,0.544
Lauri Markkanen,2017,-0.2,2020,68,68,374,862,229,461,145,401,140,166,79,429,508,79,39,40,83,103,1033,5.5,12.7,3.4,6.8,2.1,5.9,2.1,2.4,1.2,6.3,7.5,1.2,0.6,0.6,1.2,1.5,15.2,6.7,15.4,4.1,8.2,2.6,7.1,2.5,3,1.4,7.6,9.1,1.4,0.7,0.7,1.5,1.8,18.4,0.434,0.497,0.362,0.518,0.843,0.552,-0.2,1682,52,51,342,795,222,463,120,332,170,195,74,396,470,75,37,33,85,122,974,6.6,15.3,4.3,8.9,2.3,6.4,3.3,3.8,1.4,7.6,9,1.4,0.7,0.6,1.6,2.3,18.7,7.3,17,4.8,9.9,2.6,7.1,3.6,4.2,1.6,8.5,10.1,1.6,0.8,0.7,1.8,2.6,20.8,0.43,0.479,0.361,0.506,0.872,0.553
Malcolm Brogdon,2016,-0.4,1982,75,28,290,635,212,442,78,193,109,126,47,166,213,317,84,12,113,140,767,3.9,8.5,2.8,5.9,1,2.6,1.5,1.7,0.6,2.2,2.8,4.2,1.1,0.2,1.5,1.9,10.2,5.3,11.5,3.9,8,1.4,3.5,2,2.3,0.9,3,3.9,5.8,1.5,0.2,2.1,2.5,13.9,0.457,0.48,0.404,0.518,0.865,0.555,-1.2,1436,48,20,244,503,182,342,62,161,75,85,23,133,156,152,41,13,66,128,625,5.1,10.5,3.8,7.1,1.3,3.4,1.6,1.8,0.5,2.8,3.3,3.2,0.9,0.3,1.4,2.7,13,6.1,12.6,4.6,8.6,1.6,4,1.9,2.1,0.6,3.3,3.9,3.8,1,0.3,1.7,3.2,15.7,0.485,0.532,0.385,0.547,0.882,0.578
Josh Jackson,2017,-4.2,1959,77,35,389,932,332,715,57,217,177,279,95,256,351,119,80,35,146,218,1012,5.1,12.1,4.3,9.3,0.7,2.8,2.3,3.6,1.2,3.3,4.6,1.5,1,0.5,1.9,2.8,13.1,7.1,17.1,6.1,13.1,1,4,3.3,5.1,1.7,4.7,6.5,2.2,1.5,0.6,2.7,4,18.6,0.417,0.464,0.263,0.448,0.634,0.48,-4.6,1988,79,29,347,841,274,616,73,225,143,213,66,281,347,183,74,56,173,209,910,4.4,10.6,3.5,7.8,0.9,2.8,1.8,2.7,0.8,3.6,4.4,2.3,0.9,0.7,2.2,2.6,11.5,6.3,15.2,5,11.2,1.3,4.1,2.6,3.9,1.2,5.1,6.3,3.3,1.3,1,3.1,3.8,16.5,0.413,0.445,0.324,0.456,0.671,0.487
Buddy Hield,2016,-2,1888,82,55,327,767,179,388,148,379,64,76,35,234,269,121,38,9,101,115,866,4,9.4,2.2,4.7,1.8,4.6,0.8,0.9,0.4,2.9,3.3,1.5,0.5,0.1,1.2,1.4,10.6,6.2,14.6,3.4,7.4,2.8,7.2,1.2,1.4,0.7,4.5,5.1,2.3,0.7,0.2,1.9,2.2,16.5,0.426,0.461,0.391,0.523,0.842,0.541,1,2024,80,12,416,933,240,525,176,408,71,81,55,252,307,155,85,22,124,148,1079,5.2,11.7,3,6.6,2.2,5.1,0.9,1,0.7,3.2,3.8,1.9,1.1,0.3,1.6,1.9,13.5,7.4,16.6,4.3,9.3,3.1,7.3,1.3,1.4,1,4.5,5.5,2.8,1.5,0.4,2.2,2.6,19.2,0.446,0.457,0.431,0.54,0.877,0.557
Landry Shamet,2018,-1.6,1802,79,27,240,557,73,161,167,396,75,93,21,113,134,117,37,10,45,155,722,3,7.1,0.9,2,2.1,5,0.9,1.2,0.3,1.4,1.7,1.5,0.5,0.1,0.6,2,9.1,4.8,11.1,1.5,3.2,3.3,7.9,1.5,1.9,0.4,2.3,2.7,2.3,0.7,0.2,0.9,3.1,14.4,0.431,0.453,0.422,0.581,0.806,0.604,-1.9,1360,50,27,150,367,43,87,107,280,60,68,6,88,94,90,20,9,39,135,467,3,7.3,0.9,1.7,2.1,5.6,1.2,1.4,0.1,1.8,1.9,1.8,0.4,0.2,0.8,2.7,9.3,4,9.7,1.1,2.3,2.8,7.4,1.6,1.8,0.2,2.3,2.5,2.4,0.5,0.2,1,3.6,12.4,0.409,0.494,0.382,0.554,0.882,0.588
John Collins,2017,-0.2,1785,74,26,314,545,298,498,16,47,133,186,176,365,541,98,47,80,105,215,777,4.2,7.4,4,6.7,0.2,0.6,1.8,2.5,2.4,4.9,7.3,1.3,0.6,1.1,1.4,2.9,10.5,6.3,11,6,10,0.3,0.9,2.7,3.8,3.5,7.4,10.9,2,0.9,1.6,2.1,4.3,15.7,0.576,0.598,0.34,0.591,0.715,0.62,0.9,1829,61,59,465,831,410,673,55,158,203,266,219,376,595,121,22,39,120,199,1188,7.6,13.6,6.7,11,0.9,2.6,3.3,4.4,3.6,6.2,9.8,2,0.4,0.6,2,3.3,19.5,9.2,16.4,8.1,13.2,1.1,3.1,4,5.2,4.3,7.4,11.7,2.4,0.4,0.8,2.4,3.9,23.4,0.56,0.609,0.348,0.593,0.763,0.627
Lonzo Ball,2017,1,1780,52,50,203,564,113,269,90,295,32,71,69,291,360,376,88,43,136,117,528,3.9,10.8,2.2,5.2,1.7,5.7,0.6,1.4,1.3,5.6,6.9,7.2,1.7,0.8,2.6,2.3,10.2,4.1,11.4,2.3,5.4,1.8,6,0.6,1.4,1.4,5.9,7.3,7.6,1.8,0.9,2.8,2.4,10.7,0.36,0.42,0.305,0.44,0.451,0.444,-0.3,1423,47,45,185,456,110,228,75,228,20,48,54,197,251,255,69,19,103,114,465,3.9,9.7,2.3,4.9,1.6,4.9,0.4,1,1.1,4.2,5.3,5.4,1.5,0.4,2.2,2.4,9.9,4.7,11.5,2.8,5.8,1.9,5.8,0.5,1.2,1.4,5,6.3,6.5,1.7,0.5,2.6,2.9,11.8,0.406,0.482,0.329,0.488,0.417,0.487
Jamal Murray,2016,-2,1764,82,10,295,730,180,386,115,344,106,120,41,173,214,170,51,24,113,124,811,3.6,8.9,2.2,4.7,1.4,4.2,1.3,1.5,0.5,2.1,2.6,2.1,0.6,0.3,1.4,1.5,9.9,6,14.9,3.7,7.9,2.3,7,2.2,2.4,0.8,3.5,4.4,3.5,1,0.5,2.3,2.5,16.6,0.404,0.466,0.334,0.483,0.883,0.518,-0.3,2565,81,80,479,1062,314,626,165,436,229,253,82,215,297,274,79,28,172,173,1352,5.9,13.1,3.9,7.7,2,5.4,2.8,3.1,1,2.7,3.7,3.4,1,0.3,2.1,2.1,16.7,6.7,14.9,4.4,8.8,2.3,6.1,3.2,3.6,1.2,3,4.2,3.8,1.1,0.4,2.4,2.4,19,0.451,0.502,0.378,0.529,0.905,0.576
Josh Okogie,2018,-3.1,1757,74,52,196,508,136,293,60,215,118,162,41,177,218,91,88,33,63,166,570,2.6,6.9,1.8,4,0.8,2.9,1.6,2.2,0.6,2.4,2.9,1.2,1.2,0.4,0.9,2.2,7.7,4,10.4,2.8,6,1.2,4.4,2.4,3.3,0.8,3.6,4.5,1.9,1.8,0.7,1.3,3.4,11.7,0.386,0.464,0.279,0.445,0.728,0.492,-2.4,1547,62,28,170,398,129,244,41,154,152,191,87,181,268,99,68,26,87,139,533,2.7,6.4,2.1,3.9,0.7,2.5,2.5,3.1,1.4,2.9,4.3,1.6,1.1,0.4,1.4,2.2,8.6,4,9.3,3,5.7,1,3.6,3.5,4.4,2,4.2,6.2,2.3,1.6,0.6,2,3.2,12.4,0.427,0.529,0.266,0.479,0.796,0.553
Marquese Chriss,2016,-2.2,1743,82,75,284,632,212,408,72,224,113,181,96,252,348,60,67,70,108,263,753,3.5,7.7,2.6,5,0.9,2.7,1.4,2.2,1.2,3.1,4.2,0.7,0.8,0.9,1.3,3.2,9.2,5.9,13.1,4.4,8.4,1.5,4.6,2.3,3.7,2,5.2,7.2,1.2,1.4,1.4,2.2,5.4,15.6,0.449,0.52,0.321,0.506,0.624,0.529,-2.8,1527,72,49,202,477,146,287,56,190,96,158,76,319,395,83,51,70,107,205,556,2.8,6.6,2,4,0.8,2.6,1.3,2.2,1.1,4.4,5.5,1.2,0.7,1,1.5,2.8,7.7,4.8,11.2,3.4,6.8,1.3,4.5,2.3,3.7,1.8,7.5,9.3,2,1.2,1.7,2.5,4.8,13.1,0.423,0.509,0.295,0.482,0.608,0.509
Frank Kaminsky,2015,-0.8,1708,81,3,215,525,147,323,68,202,108,148,69,266,335,98,38,43,58,126,606,2.7,6.5,1.8,4,0.8,2.5,1.3,1.8,0.9,3.3,4.1,1.2,0.5,0.5,0.7,1.6,7.5,4.5,11.1,3.1,6.8,1.4,4.3,2.3,3.1,1.5,5.6,7.1,2.1,0.8,0.9,1.2,2.7,12.8,0.41,0.455,0.337,0.474,0.73,0.513,-1.2,1954,75,16,320,802,204,448,116,354,118,156,57,279,336,162,46,34,76,139,874,4.3,10.7,2.7,6,1.5,4.7,1.6,2.1,0.8,3.7,4.5,2.2,0.6,0.5,1,1.9,11.7,5.9,14.8,3.8,8.3,2.1,6.5,2.2,2.9,1.1,5.1,6.2,3,0.8,0.6,1.4,2.6,16.1,0.399,0.455,0.328,0.471,0.756,0.502
Frank Ntilikina,2017,-5,1706,78,9,182,500,132,343,50,157,49,68,37,140,177,250,65,18,131,181,463,2.3,6.4,1.7,4.4,0.6,2,0.6,0.9,0.5,1.8,2.3,3.2,0.8,0.2,1.7,2.3,5.9,3.8,10.6,2.8,7.2,1.1,3.3,1,1.4,0.8,3,3.7,5.3,1.4,0.4,2.8,3.8,9.8,0.364,0.385,0.318,0.414,0.721,0.437,-6,904,43,16,95,282,62,167,33,115,23,30,12,75,87,121,30,14,56,104,246,2.2,6.6,1.4,3.9,0.8,2.7,0.5,0.7,0.3,1.7,2,2.8,0.7,0.3,1.3,2.4,5.7,3.8,11.2,2.5,6.7,1.3,4.6,0.9,1.2,0.5,3,3.5,4.8,1.2,0.6,2.2,4.1,9.8,0.337,0.371,0.287,0.395,0.767,0.417
Miles Bridges,2018,-0.8,1696,80,25,237,511,172,311,65,200,58,77,67,256,323,95,55,49,50,111,597,3,6.4,2.2,3.9,0.8,2.5,0.7,1,0.8,3.2,4,1.2,0.7,0.6,0.6,1.4,7.5,5,10.8,3.7,6.6,1.4,4.2,1.2,1.6,1.4,5.4,6.9,2,1.2,1,1.1,2.4,12.7,0.464,0.553,0.325,0.527,0.753,0.548,-2.5,1995,65,64,319,753,220,453,99,300,106,131,88,274,362,114,40,48,95,132,843,4.9,11.6,3.4,7,1.5,4.6,1.6,2,1.4,4.2,5.6,1.8,0.6,0.7,1.5,2,13,5.8,13.6,4,8.2,1.8,5.4,1.9,2.4,1.6,4.9,6.5,2.1,0.7,0.9,1.7,2.4,15.2,0.424,0.486,0.33,0.489,0.809,0.52
Stanley Johnson,2015,-3.3,1687,73,6,225,600,162,395,63,205,80,102,58,248,306,118,55,12,114,178,593,3.1,8.2,2.2,5.4,0.9,2.8,1.1,1.4,0.8,3.4,4.2,1.6,0.8,0.2,1.6,2.4,8.1,4.8,12.8,3.5,8.4,1.3,4.4,1.7,2.2,1.2,5.3,6.5,2.5,1.2,0.3,2.4,3.8,12.7,0.375,0.41,0.307,0.428,0.784,0.46,-3,1371,77,1,129,365,84,211,45,154,36,53,36,153,189,105,56,24,71,121,339,1.7,4.7,1.1,2.7,0.6,2,0.5,0.7,0.5,2,2.5,1.4,0.7,0.3,0.9,1.6,4.4,3.4,9.6,2.2,5.5,1.2,4,0.9,1.4,0.9,4,5,2.8,1.5,0.6,1.9,3.2,8.9,0.353,0.398,0.292,0.415,0.679,0.436
Isaiah Whitehead,2016,-5.1,1643,73,26,204,508,160,359,44,149,91,113,32,152,184,192,42,36,142,175,543,2.8,7,2.2,4.9,0.6,2,1.2,1.5,0.4,2.1,2.5,2.6,0.6,0.5,1.9,2.4,7.4,4.5,11.1,3.5,7.9,1,3.3,2,2.5,0.7,3.3,4,4.2,0.9,0.8,3.1,3.8,11.9,0.402,0.446,0.295,0.445,0.805,0.487,-3.8,180,16,0,40,86,33,68,7,18,13,19,4,22,26,20,8,2,24,23,100,2.5,5.4,2.1,4.3,0.4,1.1,0.8,1.2,0.3,1.4,1.6,1.3,0.5,0.1,1.5,1.4,6.3,8,17.2,6.6,13.6,1.4,3.6,2.6,3.8,0.8,4.4,5.2,4,1.6,0.4,4.8,4.6,20,0.465,0.485,0.389,0.506,0.684,0.53
Domantas Sabonis,2016,-4.5,1632,81,66,192,481,141,322,51,159,44,67,46,242,288,82,39,32,83,200,479,2.4,5.9,1.7,4,0.6,2,0.5,0.8,0.6,3,3.6,1,0.5,0.4,1,2.5,5.9,4.2,10.6,3.1,7.1,1.1,3.5,1,1.5,1,5.3,6.4,1.8,0.9,0.7,1.8,4.4,10.6,0.399,0.438,0.321,0.452,0.657,0.469,-1.1,1810,74,19,340,661,327,624,13,37,168,224,165,407,572,151,40,32,137,220,861,4.6,8.9,4.4,8.4,0.2,0.5,2.3,3,2.2,5.5,7.7,2,0.5,0.4,1.9,3,11.6,6.8,13.1,6.5,12.4,0.3,0.7,3.3,4.5,3.3,8.1,11.4,3,0.8,0.6,2.7,4.4,17.1,0.514,0.524,0.351,0.524,0.75,0.567
Jahlil Okafor,2015,-2.3,1591,53,48,397,781,396,775,1,6,133,194,122,251,373,65,22,61,124,140,928,7.5,14.7,7.5,14.6,0,0.1,2.5,3.7,2.3,4.7,7,1.2,0.4,1.2,2.3,2.6,17.5,9,17.7,9,17.5,0,0.1,3,4.4,2.8,5.7,8.4,1.5,0.5,1.4,2.8,3.2,21,0.508,0.511,0.167,0.509,0.686,0.536,-2.5,1134,50,33,242,471,242,471,0,0,106,158,81,159,240,58,20,49,91,122,590,4.8,9.4,4.8,9.4,0,0,2.1,3.2,1.6,3.2,4.8,1.2,0.4,1,1.8,2.4,11.8,7.7,15,7.7,15,0,0,3.4,5,2.6,5,7.6,1.8,0.6,1.6,2.9,3.9,18.7,0.514,0.514,0,0.514,0.671,0.546
Jalen Brunson,2018,-1.7,1591,73,38,264,565,201,384,63,181,87,120,25,144,169,230,37,4,88,127,678,3.6,7.7,2.8,5.3,0.9,2.5,1.2,1.6,0.3,2,2.3,3.2,0.5,0.1,1.2,1.7,9.3,6,12.8,4.5,8.7,1.4,4.1,2,2.7,0.6,3.3,3.8,5.2,0.8,0.1,2,2.9,15.3,0.467,0.523,0.348,0.523,0.725,0.549,-0.8,1022,57,16,181,388,138,268,43,120,61,75,22,112,134,188,22,4,66,74,466,3.2,6.8,2.4,4.7,0.8,2.1,1.1,1.3,0.4,2,2.4,3.3,0.4,0.1,1.2,1.3,8.2,6.4,13.7,4.9,9.4,1.5,4.2,2.1,2.6,0.8,3.9,4.7,6.6,0.8,0.1,2.3,2.6,16.4,0.466,0.515,0.358,0.522,0.813,0.553
Marvin Bagley,2018,-1,1567,62,4,356,706,326,610,30,96,181,262,162,309,471,62,33,59,98,120,923,5.7,11.4,5.3,9.8,0.5,1.5,2.9,4.2,2.6,5,7.6,1,0.5,1,1.6,1.9,14.9,8.2,16.2,7.5,14,0.7,2.2,4.2,6,3.7,7.1,10.8,1.4,0.8,1.4,2.3,2.8,21.2,0.504,0.534,0.313,0.525,0.691,0.562,-3.4,334,13,6,78,167,74,145,4,22,25,31,29,68,97,10,6,12,18,43,185,6,12.8,5.7,11.2,0.3,1.7,1.9,2.4,2.2,5.2,7.5,0.8,0.5,0.9,1.4,3.3,14.2,8.4,18,8,15.6,0.4,2.4,2.7,3.3,3.1,7.3,10.5,1.1,0.6,1.3,1.9,4.6,19.9,0.467,0.51,0.182,0.479,0.806,0.512
Jaren Jackson,2018,-0.3,1515,58,56,298,589,247,447,51,142,151,197,73,199,272,64,52,82,98,220,798,5.1,10.2,4.3,7.7,0.9,2.4,2.6,3.4,1.3,3.4,4.7,1.1,0.9,1.4,1.7,3.8,13.8,7.1,14,5.9,10.6,1.2,3.4,3.6,4.7,1.7,4.7,6.5,1.5,1.2,1.9,2.3,5.2,19,0.506,0.553,0.359,0.549,0.766,0.591,0.4,1622,57,57,353,753,208,385,145,368,139,186,55,207,262,78,40,92,99,232,990,6.2,13.2,3.6,6.8,2.5,6.5,2.4,3.3,1,3.6,4.6,1.4,0.7,1.6,1.7,4.1,17.4,7.8,16.7,4.6,8.5,3.2,8.2,3.1,4.1,1.2,4.6,5.8,1.7,0.9,2,2.2,5.1,22,0.469,0.54,0.394,0.565,0.747,0.593
Justin Jackson,2017,-3.5,1506,68,41,185,419,128,234,57,185,26,36,27,160,187,74,28,13,40,81,453,2.7,6.2,1.9,3.4,0.8,2.7,0.4,0.5,0.4,2.4,2.8,1.1,0.4,0.2,0.6,1.2,6.7,4.4,10,3.1,5.6,1.4,4.4,0.6,0.9,0.6,3.8,4.5,1.8,0.7,0.3,1,1.9,10.8,0.442,0.547,0.308,0.51,0.722,0.521,-1.6,1614,81,14,217,485,130,240,87,245,62,79,44,168,212,96,32,14,29,99,583,2.7,6,1.6,3,1.1,3,0.8,1,0.5,2.1,2.6,1.2,0.4,0.2,0.4,1.2,7.2,4.8,10.8,2.9,5.4,1.9,5.5,1.4,1.8,1,3.7,4.7,2.1,0.7,0.3,0.6,2.2,13,0.447,0.542,0.355,0.537,0.785,0.561
OG Anunoby,2017,-0.6,1481,74,62,163,346,90,149,73,197,39,62,44,140,184,55,52,14,45,130,438,2.2,4.7,1.2,2,1,2.7,0.5,0.8,0.6,1.9,2.5,0.7,0.7,0.2,0.6,1.8,5.9,4,8.4,2.2,3.6,1.8,4.8,0.9,1.5,1.1,3.4,4.5,1.3,1.3,0.3,1.1,3.2,10.6,0.471,0.604,0.371,0.577,0.629,0.587,-2.4,1352,67,6,183,404,116,202,67,202,36,62,58,139,197,47,46,22,55,140,469,2.7,6,1.7,3,1,3,0.5,0.9,0.9,2.1,2.9,0.7,0.7,0.3,0.8,2.1,7,4.9,10.8,3.1,5.4,1.8,5.4,1,1.7,1.5,3.7,5.2,1.3,1.2,0.6,1.5,3.7,12.5,0.453,0.574,0.332,0.536,0.581,0.544
Andrew Harrison,2015,-3.4,1474,72,18,117,360,74,204,43,156,148,194,23,113,136,198,53,21,85,194,425,1.6,5,1,2.8,0.6,2.2,2.1,2.7,0.3,1.6,1.9,2.8,0.7,0.3,1.2,2.7,5.9,2.9,8.8,1.8,5,1.1,3.8,3.6,4.7,0.6,2.8,3.3,4.8,1.3,0.5,2.1,4.7,10.4,0.325,0.363,0.276,0.385,0.763,0.477,-1.5,1326,56,46,181,429,134,287,47,142,124,159,23,108,131,177,38,26,81,138,533,3.2,7.7,2.4,5.1,0.8,2.5,2.2,2.8,0.4,1.9,2.3,3.2,0.7,0.5,1.4,2.5,9.5,4.9,11.6,3.6,7.8,1.3,3.9,3.4,4.3,0.6,2.9,3.6,4.8,1,0.7,2.2,3.7,14.5,0.422,0.467,0.331,0.477,0.78,0.534
Luke Kennard,2017,-0.8,1463,73,9,206,465,125,270,81,195,65,76,21,155,176,124,44,13,69,86,558,2.8,6.4,1.7,3.7,1.1,2.7,0.9,1,0.3,2.1,2.4,1.7,0.6,0.2,0.9,1.2,7.6,5.1,11.4,3.1,6.6,2,4.8,1.6,1.9,0.5,3.8,4.3,3.1,1.1,0.3,1.7,2.1,13.7,0.443,0.463,0.415,0.53,0.855,0.56,-1.1,1437,63,10,228,520,122,251,106,269,51,61,12,171,183,114,26,10,57,92,613,3.6,8.3,1.9,4,1.7,4.3,0.8,1,0.2,2.7,2.9,1.8,0.4,0.2,0.9,1.5,9.7,5.7,13,3.1,6.3,2.7,6.7,1.3,1.5,0.3,4.3,4.6,2.9,0.7,0.3,1.4,2.3,15.4,0.438,0.486,0.394,0.54,0.836,0.56
Josh Hart,2017,-0.1,1461,63,23,176,375,98,178,78,197,66,94,42,221,263,80,47,16,47,107,496,2.8,6,1.6,2.8,1.2,3.1,1,1.5,0.7,3.5,4.2,1.3,0.7,0.3,0.7,1.7,7.9,4.3,9.2,2.4,4.4,1.9,4.9,1.6,2.3,1,5.4,6.5,2,1.2,0.4,1.2,2.6,12.2,0.469,0.551,0.396,0.573,0.702,0.596,-1.3,1715,67,22,189,464,97,190,92,274,55,80,35,213,248,93,64,40,58,147,525,2.8,6.9,1.4,2.8,1.4,4.1,0.8,1.2,0.5,3.2,3.7,1.4,1,0.6,0.9,2.2,7.8,4,9.7,2,4,1.9,5.8,1.2,1.7,0.7,4.5,5.2,2,1.3,0.8,1.2,3.1,11,0.407,0.511,0.336,0.506,0.688,0.526
Bruce Brown,2018,-3.3,1449,74,56,125,314,101,221,24,93,45,60,48,137,185,91,40,36,46,178,319,1.7,4.2,1.4,3,0.3,1.3,0.6,0.8,0.6,1.9,2.5,1.2,0.5,0.5,0.6,2.4,4.3,3.1,7.8,2.5,5.5,0.6,2.3,1.1,1.5,1.2,3.4,4.6,2.3,1,0.9,1.1,4.4,7.9,0.398,0.457,0.258,0.436,0.75,0.469,-1.2,1634,58,43,198,447,165,351,33,96,88,119,61,213,274,230,63,29,100,162,517,3.4,7.7,2.8,6.1,0.6,1.7,1.5,2.1,1.1,3.7,4.7,4,1.1,0.5,1.7,2.8,8.9,4.4,9.8,3.6,7.7,0.7,2.1,1.9,2.6,1.3,4.7,6,5.1,1.4,0.6,2.2,3.6,11.4,0.443,0.47,0.344,0.48,0.739,0.518
Jarrett Allen,2017,-0.8,1441,72,31,234,397,229,382,5,15,114,147,144,244,388,49,28,88,82,147,587,3.3,5.5,3.2,5.3,0.1,0.2,1.6,2,2,3.4,5.4,0.7,0.4,1.2,1.1,2,8.2,5.8,9.9,5.7,9.5,0.1,0.4,2.8,3.7,3.6,6.1,9.7,1.2,0.7,2.2,2,3.7,14.7,0.589,0.599,0.333,0.596,0.776,0.636,1.6,2096,80,80,335,568,329,523,6,45,197,278,191,481,672,110,43,120,103,184,873,4.2,7.1,4.1,6.5,0.1,0.6,2.5,3.5,2.4,6,8.4,1.4,0.5,1.5,1.3,2.3,10.9,5.8,9.8,5.7,9,0.1,0.8,3.4,4.8,3.3,8.3,11.5,1.9,0.7,2.1,1.8,3.2,15,0.59,0.629,0.133,0.595,0.709,0.632
Mario Hezonja,2015,-3.1,1413,79,9,181,418,114,226,67,192,49,54,28,148,176,109,39,17,97,124,478,2.3,5.3,1.4,2.9,0.8,2.4,0.6,0.7,0.4,1.9,2.2,1.4,0.5,0.2,1.2,1.6,6.1,4.6,10.6,2.9,5.8,1.7,4.9,1.2,1.4,0.7,3.8,4.5,2.8,1,0.4,2.5,3.2,12.2,0.433,0.504,0.349,0.513,0.907,0.541,-5,960,65,2,117,330,74,186,43,144,40,50,20,126,146,62,30,15,58,74,317,1.8,5.1,1.1,2.9,0.7,2.2,0.6,0.8,0.3,1.9,2.2,1,0.5,0.2,0.9,1.1,4.9,4.4,12.4,2.8,7,1.6,5.4,1.5,1.9,0.8,4.7,5.5,2.3,1.1,0.6,2.2,2.8,11.9,0.355,0.398,0.299,0.42,0.8,0.45
Willie Cauley-Stein,2015,-0.8,1412,66,39,191,339,191,337,0,2,81,125,134,218,352,37,48,66,46,146,463,2.9,5.1,2.9,5.1,0,0,1.2,1.9,2,3.3,5.3,0.6,0.7,1,0.7,2.2,7,4.9,8.6,4.9,8.6,0,0.1,2.1,3.2,3.4,5.6,9,0.9,1.2,1.7,1.2,3.7,11.8,0.563,0.567,0,0.563,0.648,0.588,-1,1421,75,21,255,481,255,479,0,2,101,151,85,254,339,80,53,44,69,147,611,3.4,6.4,3.4,6.4,0,0,1.3,2,1.1,3.4,4.5,1.1,0.7,0.6,0.9,2,8.1,6.5,12.2,6.5,12.1,0,0.1,2.6,3.8,2.2,6.4,8.6,2,1.3,1.1,1.7,3.7,15.5,0.53,0.532,0,0.53,0.669,0.558
Trey Lyles,2015,-1.8,1382,80,33,191,436,142,308,49,128,57,82,59,240,299,59,26,18,65,114,488,2.4,5.5,1.8,3.9,0.6,1.6,0.7,1,0.7,3,3.7,0.7,0.3,0.2,0.8,1.4,6.1,5,11.4,3.7,8,1.3,3.3,1.5,2.1,1.5,6.3,7.8,1.5,0.7,0.5,1.7,3,12.7,0.438,0.461,0.383,0.494,0.695,0.517,-2.2,1158,71,4,159,439,94,235,65,204,57,79,48,187,235,69,26,20,64,97,440,2.2,6.2,1.3,3.3,0.9,2.9,0.8,1.1,0.7,2.6,3.3,1,0.4,0.3,0.9,1.4,6.2,4.9,13.6,2.9,7.3,2,6.3,1.8,2.5,1.5,5.8,7.3,2.1,0.8,0.6,2,3,13.7,0.362,0.4,0.319,0.436,0.722,0.464
Bam Adebayo,2017,-0.4,1368,69,19,174,340,174,333,0,7,129,179,118,263,381,101,32,41,66,138,477,2.5,4.9,2.5,4.8,0,0.1,1.9,2.6,1.7,3.8,5.5,1.5,0.5,0.6,1,2,6.9,4.6,8.9,4.6,8.8,0,0.2,3.4,4.7,3.1,6.9,10,2.7,0.8,1.1,1.7,3.6,12.6,0.512,0.523,0,0.512,0.721,0.57,1.8,1913,82,28,280,486,277,471,3,15,166,226,165,432,597,184,71,65,121,203,729,3.4,5.9,3.4,5.7,0,0.2,2,2.8,2,5.3,7.3,2.2,0.9,0.8,1.5,2.5,8.9,5.3,9.1,5.2,8.9,0.1,0.3,3.1,4.3,3.1,8.1,11.2,3.5,1.3,1.2,2.3,3.8,13.7,0.576,0.588,0.2,0.579,0.735,0.623
Myles Turner,2015,-1.6,1367,60,30,264,530,261,516,3,14,88,121,68,264,332,41,25,86,67,158,619,4.4,8.8,4.4,8.6,0.1,0.2,1.5,2,1.1,4.4,5.5,0.7,0.4,1.4,1.1,2.6,10.3,7,14,6.9,13.6,0.1,0.4,2.3,3.2,1.8,7,8.7,1.1,0.7,2.3,1.8,4.2,16.3,0.498,0.506,0.214,0.501,0.727,0.531,1.1,2541,81,81,444,869,404,754,40,115,245,303,139,450,589,106,74,172,105,262,1173,5.5,10.7,5,9.3,0.5,1.4,3,3.7,1.7,5.6,7.3,1.3,0.9,2.1,1.3,3.2,14.5,6.3,12.3,5.7,10.7,0.6,1.6,3.5,4.3,2,6.4,8.3,1.5,1,2.4,1.5,3.7,16.6,0.511,0.536,0.348,0.534,0.809,0.585
Mitchell Robinson,2018,2.5,1360,66,19,202,291,202,291,0,0,81,135,177,246,423,37,52,161,35,217,485,3.1,4.4,3.1,4.4,0,0,1.2,2,2.7,3.7,6.4,0.6,0.8,2.4,0.5,3.3,7.3,5.3,7.7,5.3,7.7,0,0,2.1,3.6,4.7,6.5,11.2,1,1.4,4.3,0.9,5.7,12.8,0.694,0.694,0,0.694,0.6,0.692,3,1412,61,7,253,341,253,341,0,0,84,148,186,242,428,36,52,119,37,194,590,4.1,5.6,4.1,5.6,0,0,1.4,2.4,3,4,7,0.6,0.9,2,0.6,3.2,9.7,6.5,8.7,6.5,8.7,0,0,2.1,3.8,4.7,6.2,10.9,0.9,1.3,3,0.9,4.9,15,0.742,0.742,0,0.742,0.568,0.726
Jaylen Brown,2016,-3.7,1341,78,20,192,423,146,288,46,135,85,124,45,175,220,64,35,18,68,142,515,2.5,5.4,1.9,3.7,0.6,1.7,1.1,1.6,0.6,2.2,2.8,0.8,0.4,0.2,0.9,1.8,6.6,5.2,11.4,3.9,7.7,1.2,3.6,2.3,3.3,1.2,4.7,5.9,1.7,0.9,0.5,1.8,3.8,13.8,0.454,0.507,0.341,0.508,0.685,0.539,-0.5,2152,70,70,373,803,252,497,121,306,150,233,66,280,346,114,70,26,124,181,1017,5.3,11.5,3.6,7.1,1.7,4.4,2.1,3.3,0.9,4,4.9,1.6,1,0.4,1.8,2.6,14.5,6.2,13.4,4.2,8.3,2,5.1,2.5,3.9,1.1,4.7,5.8,1.9,1.2,0.4,2.1,3,17,0.465,0.507,0.395,0.54,0.644,0.562
Kris Dunn,2016,-2.8,1333,78,7,118,313,97,240,21,73,36,59,24,142,166,188,78,36,89,178,293,1.5,4,1.2,3.1,0.3,0.9,0.5,0.8,0.3,1.8,2.1,2.4,1,0.5,1.1,2.3,3.8,3.2,8.5,2.6,6.5,0.6,2,1,1.6,0.6,3.8,4.5,5.1,2.1,1,2.4,4.8,7.9,0.377,0.404,0.288,0.411,0.61,0.432,-1.3,1525,52,43,286,666,243,532,43,134,84,114,24,197,221,310,104,27,150,174,699,5.5,12.8,4.7,10.2,0.8,2.6,1.6,2.2,0.5,3.8,4.3,6,2,0.5,2.9,3.3,13.4,6.8,15.7,5.7,12.6,1,3.2,2,2.7,0.6,4.7,5.2,7.3,2.5,0.6,3.5,4.1,16.5,0.429,0.457,0.321,0.462,0.737,0.488
Willy Hernangómez,2015,-0.3,1324,72,22,246,465,242,450,4,15,91,125,170,332,502,96,41,36,100,150,587,3.4,6.5,3.4,6.3,0.1,0.2,1.3,1.7,2.4,4.6,7,1.3,0.6,0.5,1.4,2.1,8.2,6.7,12.6,6.6,12.2,0.1,0.4,2.5,3.4,4.6,9,13.6,2.6,1.1,1,2.7,4.1,16,0.529,0.538,0.267,0.533,0.728,0.564,1.4,495,48,1,91,164,86,152,5,12,59,90,61,122,183,33,18,16,35,64,246,1.9,3.4,1.8,3.2,0.1,0.3,1.2,1.9,1.3,2.5,3.8,0.7,0.4,0.3,0.7,1.3,5.1,6.6,11.9,6.3,11.1,0.4,0.9,4.3,6.5,4.4,8.9,13.3,2.4,1.3,1.2,2.5,4.7,17.9,0.555,0.566,0.417,0.57,0.656,0.604
Rodions Kurucs,2018,-2.6,1294,63,46,202,449,144,265,58,184,72,92,56,190,246,52,41,25,77,146,534,3.2,7.1,2.3,4.2,0.9,2.9,1.1,1.5,0.9,3,3.9,0.8,0.7,0.4,1.2,2.3,8.5,5.6,12.5,4,7.4,1.6,5.1,2,2.6,1.6,5.3,6.8,1.4,1.1,0.7,2.1,4.1,14.9,0.45,0.543,0.315,0.514,0.783,0.545,-3.3,562,42,5,66,153,38,76,28,77,21,32,20,90,110,41,19,3,39,78,181,1.6,3.6,0.9,1.8,0.7,1.8,0.5,0.8,0.5,2.1,2.6,1,0.5,0.1,0.9,1.9,4.3,4.2,9.8,2.4,4.9,1.8,4.9,1.3,2,1.3,5.8,7,2.6,1.2,0.2,2.5,5,11.6,0.431,0.5,0.364,0.523,0.656,0.542
Larry Nance,2015,-1.5,1266,63,22,158,300,157,290,1,10,32,47,101,211,312,44,54,23,41,124,349,2.5,4.8,2.5,4.6,0,0.2,0.5,0.7,1.6,3.3,5,0.7,0.9,0.4,0.7,2,5.5,4.5,8.5,4.5,8.2,0,0.3,0.9,1.3,2.9,6,8.9,1.3,1.5,0.7,1.2,3.5,9.9,0.527,0.541,0.1,0.528,0.681,0.544,0.6,1442,63,7,190,361,180,325,10,36,59,80,120,249,369,96,82,39,56,149,449,3,5.7,2.9,5.2,0.2,0.6,0.9,1.3,1.9,4,5.9,1.5,1.3,0.6,0.9,2.4,7.1,4.7,9,4.5,8.1,0.2,0.9,1.5,2,3,6.2,9.2,2.4,2,1,1.4,3.7,11.2,0.526,0.554,0.278,0.54,0.738,0.567
Jerian Grant,2015,-3.1,1265,76,6,154,391,132,291,22,100,96,123,23,120,143,177,50,10,87,97,426,2,5.1,1.7,3.8,0.3,1.3,1.3,1.6,0.3,1.6,1.9,2.3,0.7,0.1,1.1,1.3,5.6,4.4,11.1,3.8,8.3,0.6,2.8,2.7,3.5,0.7,3.4,4.1,5,1.4,0.3,2.5,2.8,12.1,0.394,0.454,0.22,0.422,0.78,0.479,0.1,1028,63,28,128,301,79,167,49,134,65,73,17,94,111,121,47,8,44,93,370,2,4.8,1.3,2.7,0.8,2.1,1,1.2,0.3,1.5,1.8,1.9,0.7,0.1,0.7,1.5,5.9,4.5,10.5,2.8,5.8,1.7,4.7,2.3,2.6,0.6,3.3,3.9,4.2,1.6,0.3,1.5,3.3,13,0.425,0.473,0.366,0.507,0.89,0.555
Caris LeVert,2016,-1.1,1237,57,26,171,380,112,196,59,184,67,93,23,165,188,110,49,8,59,91,468,3,6.7,2,3.4,1,3.2,1.2,1.6,0.4,2.9,3.3,1.9,0.9,0.1,1,1.6,8.2,5,11.1,3.3,5.7,1.7,5.4,1.9,2.7,0.7,4.8,5.5,3.2,1.4,0.2,1.7,2.6,13.6,0.45,0.571,0.321,0.528,0.72,0.556,-0.8,1864,71,10,320,735,235,490,85,245,133,187,53,207,260,299,82,22,153,159,858,4.5,10.4,3.3,6.9,1.2,3.5,1.9,2.6,0.7,2.9,3.7,4.2,1.2,0.3,2.2,2.2,12.1,6.2,14.2,4.5,9.5,1.6,4.7,2.6,3.6,1,4,5,5.8,1.6,0.4,3,3.1,16.6,0.435,0.48,0.347,0.493,0.711,0.525
Timothé Luwawu-Cabarrot,2016,-4.6,1190,69,19,145,361,95,200,50,161,105,123,25,124,149,75,32,10,73,154,445,2.1,5.2,1.4,2.9,0.7,2.3,1.5,1.8,0.4,1.8,2.2,1.1,0.5,0.1,1.1,2.2,6.4,4.4,10.9,2.9,6.1,1.5,4.9,3.2,3.7,0.8,3.8,4.5,2.3,1,0.3,2.2,4.7,13.5,0.402,0.475,0.311,0.471,0.854,0.536,-4.1,807,52,7,100,267,47,109,53,158,46,58,14,58,72,54,12,5,38,97,299,1.9,5.1,0.9,2.1,1,3,0.9,1.1,0.3,1.1,1.4,1,0.2,0.1,0.7,1.9,5.8,4.5,11.9,2.1,4.9,2.4,7,2.1,2.6,0.6,2.6,3.2,2.4,0.5,0.2,1.7,4.3,13.3,0.375,0.431,0.335,0.474,0.793,0.511
Frank Jackson,2017,-4.6,1169,61,16,194,447,141,278,53,169,54,73,25,109,134,69,25,2,48,92,495,3.2,7.3,2.3,4.6,0.9,2.8,0.9,1.2,0.4,1.8,2.2,1.1,0.4,0,0.8,1.5,8.1,6,13.8,4.3,8.6,1.6,5.2,1.7,2.2,0.8,3.4,4.1,2.1,0.8,0.1,1.5,2.8,15.2,0.434,0.507,0.314,0.493,0.74,0.517,-5.8,685,54,1,104,273,65,150,39,123,49,66,20,57,77,48,15,4,43,67,296,1.9,5.1,1.2,2.8,0.7,2.3,0.9,1.2,0.4,1.1,1.4,0.9,0.3,0.1,0.8,1.2,5.5,5.5,14.3,3.4,7.9,2,6.5,2.6,3.5,1.1,3,4,2.5,0.8,0.2,2.3,3.5,15.6,0.381,0.433,0.317,0.452,0.742,0.49
Sindarius Thornwell,2017,-2.4,1156,73,17,100,233,77,172,23,61,59,88,33,107,140,68,48,25,53,125,282,1.4,3.2,1.1,2.4,0.3,0.8,0.8,1.2,0.5,1.5,1.9,0.9,0.7,0.3,0.7,1.7,3.9,3.1,7.3,2.4,5.4,0.7,1.9,1.8,2.7,1,3.3,4.4,2.1,1.5,0.8,1.7,3.9,8.8,0.429,0.448,0.377,0.479,0.67,0.519,-4.7,313,64,1,17,49,14,34,3,15,25,34,5,39,44,18,14,7,20,41,62,0.3,0.8,0.2,0.5,0,0.2,0.4,0.5,0.1,0.6,0.7,0.3,0.2,0.1,0.3,0.6,1,2,5.6,1.6,3.9,0.3,1.7,2.9,3.9,0.6,4.5,5.1,2.1,1.6,0.8,2.3,4.7,7.1,0.347,0.412,0.2,0.378,0.735,0.485
Semi Ojeleye,2017,-4.7,1150,73,0,65,188,25,63,40,125,25,41,37,124,161,20,21,4,25,91,195,0.9,2.6,0.3,0.9,0.5,1.7,0.3,0.6,0.5,1.7,2.2,0.3,0.3,0.1,0.3,1.2,2.7,2,5.9,0.8,2,1.3,3.9,0.8,1.3,1.2,3.9,5,0.6,0.7,0.1,0.8,2.8,6.1,0.346,0.397,0.32,0.452,0.61,0.473,-4,594,56,3,67,158,39,69,28,89,24,39,24,62,86,23,10,4,19,43,186,1.2,2.8,0.7,1.2,0.5,1.6,0.4,0.7,0.4,1.1,1.5,0.4,0.2,0.1,0.3,0.8,3.3,4.1,9.6,2.4,4.2,1.7,5.4,1.5,2.4,1.5,3.8,5.2,1.4,0.6,0.2,1.2,2.6,11.3,0.424,0.565,0.315,0.513,0.615,0.531
Tyler Ulis,2016,-2.4,1123,61,15,184,437,163,358,21,79,55,71,20,75,95,226,48,5,77,73,444,3,7.2,2.7,5.9,0.3,1.3,0.9,1.2,0.3,1.2,1.6,3.7,0.8,0.1,1.3,1.2,7.3,5.9,14,5.2,11.5,0.7,2.5,1.8,2.3,0.6,2.4,3,7.2,1.5,0.2,2.5,2.3,14.2,0.421,0.455,0.266,0.445,0.775,0.474,-4.4,1658,71,43,214,551,172,405,42,146,84,101,24,104,128,311,70,7,127,120,554,3,7.8,2.4,5.7,0.6,2.1,1.2,1.4,0.3,1.5,1.8,4.4,1,0.1,1.8,1.7,7.8,4.6,12,3.7,8.8,0.9,3.2,1.8,2.2,0.5,2.3,2.8,6.8,1.5,0.2,2.8,2.6,12,0.388,0.425,0.288,0.426,0.832,0.465
Wendell Carter,2018,-1.6,1110,44,44,180,371,174,339,6,32,89,112,87,220,307,78,26,58,65,152,455,4.1,8.4,4,7.7,0.1,0.7,2,2.5,2,5,7,1.8,0.6,1.3,1.5,3.5,10.3,5.8,12,5.6,11,0.2,1,2.9,3.6,2.8,7.1,10,2.5,0.8,1.9,2.1,4.9,14.8,0.485,0.513,0.188,0.493,0.795,0.541,-2.4,1256,43,43,183,343,177,314,6,29,112,152,139,266,405,51,33,36,72,162,484,4.3,8,4.1,7.3,0.1,0.7,2.6,3.5,3.2,6.2,9.4,1.2,0.8,0.8,1.7,3.8,11.3,5.2,9.8,5.1,9,0.2,0.8,3.2,4.4,4,7.6,11.6,1.5,0.9,1,2.1,4.6,13.9,0.534,0.564,0.207,0.542,0.737,0.59
Josh Richardson,2015,-0.4,1107,52,2,123,272,70,157,53,115,42,63,21,86,107,73,36,25,35,107,341,2.4,5.2,1.3,3,1,2.2,0.8,1.2,0.4,1.7,2.1,1.4,0.7,0.5,0.7,2.1,6.6,4,8.8,2.3,5.1,1.7,3.7,1.4,2,0.7,2.8,3.5,2.4,1.2,0.8,1.1,3.5,11.1,0.452,0.446,0.461,0.55,0.667,0.569,-1.1,1614,53,34,202,513,127,286,75,227,60,77,35,133,168,140,60,39,65,132,539,3.8,9.7,2.4,5.4,1.4,4.3,1.1,1.5,0.7,2.5,3.2,2.6,1.1,0.7,1.2,2.5,10.2,4.5,11.4,2.8,6.4,1.7,5.1,1.3,1.7,0.8,3,3.7,3.1,1.3,0.9,1.4,2.9,12,0.394,0.444,0.33,0.467,0.779,0.493
Bobby Portis,2015,-3.3,1102,62,4,186,436,170,384,16,52,48,66,123,214,337,52,25,22,54,100,436,3,7,2.7,6.2,0.3,0.8,0.8,1.1,2,3.5,5.4,0.8,0.4,0.4,0.9,1.6,7,6.1,14.2,5.6,12.5,0.5,1.7,1.6,2.2,4,7,11,1.7,0.8,0.7,1.8,3.3,14.2,0.427,0.443,0.308,0.445,0.727,0.469,-1.5,1000,64,13,183,375,151,279,32,96,39,59,75,221,296,35,16,11,37,94,437,2.9,5.9,2.4,4.4,0.5,1.5,0.6,0.9,1.2,3.5,4.6,0.5,0.3,0.2,0.6,1.5,6.8,6.6,13.5,5.4,10,1.2,3.5,1.4,2.1,2.7,8,10.7,1.3,0.6,0.4,1.3,3.4,15.7,0.488,0.541,0.333,0.531,0.661,0.545
Patrick McCaw,2016,-2.4,1074,71,20,106,245,65,122,41,123,29,37,21,79,100,77,32,15,36,62,282,1.5,3.5,0.9,1.7,0.6,1.7,0.4,0.5,0.3,1.1,1.4,1.1,0.5,0.2,0.5,0.9,4,3.6,8.2,2.2,4.1,1.4,4.1,1,1.2,0.7,2.6,3.4,2.6,1.1,0.5,1.2,2.1,9.5,0.433,0.533,0.333,0.516,0.784,0.54,-4.1,961,57,10,92,225,73,145,19,80,26,34,16,66,82,81,43,10,41,67,229,1.6,3.9,1.3,2.5,0.3,1.4,0.5,0.6,0.3,1.2,1.4,1.4,0.8,0.2,0.7,1.2,4,3.4,8.4,2.7,5.4,0.7,3,1,1.3,0.6,2.5,3.1,3,1.6,0.4,1.5,2.5,8.6,0.409,0.503,0.238,0.451,0.765,0.477
Zach Collins,2017,-4.3,1045,66,1,115,289,80,176,35,113,27,42,45,176,221,52,17,31,58,133,292,1.7,4.4,1.2,2.7,0.5,1.7,0.4,0.6,0.7,2.7,3.3,0.8,0.3,0.5,0.9,2,4.4,4,10,2.8,6.1,1.2,3.9,0.9,1.4,1.6,6.1,7.6,1.8,0.6,1.1,2,4.6,10.1,0.398,0.455,0.31,0.458,0.643,0.475,-1.2,1356,77,0,189,400,149,279,40,121,94,126,109,215,324,71,25,66,77,174,512,2.5,5.2,1.9,3.6,0.5,1.6,1.2,1.6,1.4,2.8,4.2,0.9,0.3,0.9,1,2.3,6.6,5,10.6,4,7.4,1.1,3.2,2.5,3.3,2.9,5.7,8.6,1.9,0.7,1.8,2,4.6,13.6,0.473,0.534,0.331,0.523,0.746,0.562
Wesley Iwundu,2017,-4.3,1020,62,12,93,218,84,172,9,46,34,47,36,101,137,57,33,12,30,81,229,1.5,3.5,1.4,2.8,0.1,0.7,0.5,0.8,0.6,1.6,2.2,0.9,0.5,0.2,0.5,1.3,3.7,3.3,7.7,3,6.1,0.3,1.6,1.2,1.7,1.3,3.6,4.8,2,1.2,0.4,1.1,2.9,8.1,0.427,0.488,0.196,0.447,0.723,0.48,-3.2,1233,68,13,113,274,84,195,29,79,84,103,37,147,184,73,28,22,44,123,339,1.7,4,1.2,2.9,0.4,1.2,1.2,1.5,0.5,2.2,2.7,1.1,0.4,0.3,0.6,1.8,5,3.3,8,2.5,5.7,0.8,2.3,2.5,3,1.1,4.3,5.4,2.1,0.8,0.6,1.3,3.6,9.9,0.412,0.431,0.367,0.465,0.816,0.531
Rashad Vaughn,2015,-5.7,1001,70,6,81,266,38,119,43,147,12,15,11,77,88,39,29,16,28,73,217,1.2,3.8,0.5,1.7,0.6,2.1,0.2,0.2,0.2,1.1,1.3,0.6,0.4,0.2,0.4,1,3.1,2.9,9.6,1.4,4.3,1.5,5.3,0.4,0.5,0.4,2.8,3.2,1.4,1,0.6,1,2.6,7.8,0.305,0.319,0.293,0.385,0.8,0.398,-3.6,458,41,2,57,156,31,75,26,81,2,5,4,45,49,23,19,10,14,32,142,1.4,3.8,0.8,1.8,0.6,2,0,0.1,0.1,1.1,1.2,0.6,0.5,0.2,0.3,0.8,3.5,4.5,12.3,2.4,5.9,2,6.4,0.2,0.4,0.3,3.5,3.9,1.8,1.5,0.8,1.1,2.5,11.2,0.365,0.413,0.321,0.449,0.4,0.449
Frank Mason,2017,-2.3,984,52,2,144,380,113,294,31,86,94,115,30,100,130,147,34,10,65,72,413,2.8,7.3,2.2,5.7,0.6,1.7,1.8,2.2,0.6,1.9,2.5,2.8,0.7,0.2,1.3,1.4,7.9,5.3,13.9,4.1,10.8,1.1,3.1,3.4,4.2,1.1,3.7,4.8,5.4,1.2,0.4,2.4,2.6,15.1,0.379,0.384,0.36,0.42,0.817,0.48,-3.1,435,38,0,71,169,57,105,14,64,39,57,6,37,43,84,16,4,36,34,195,1.9,4.4,1.5,2.8,0.4,1.7,1,1.5,0.2,1,1.1,2.2,0.4,0.1,0.9,0.9,5.1,5.9,14,4.7,8.7,1.2,5.3,3.2,4.7,0.5,3.1,3.6,7,1.3,0.3,3,2.8,16.1,0.42,0.543,0.219,0.462,0.684,0.502
De'Anthony Melton,2018,-2.7,984,50,31,100,256,71,161,29,95,21,28,25,109,134,159,68,23,75,113,250,2,5.1,1.4,3.2,0.6,1.9,0.4,0.6,0.5,2.2,2.7,3.2,1.4,0.5,1.5,2.3,5,3.7,9.4,2.6,5.9,1.1,3.5,0.8,1,0.9,4,4.9,5.8,2.5,0.8,2.7,4.1,9.1,0.391,0.441,0.305,0.447,0.75,0.466,-0.1,1071,55,8,151,365,113,241,38,124,90,113,39,165,204,163,68,20,80,103,430,2.7,6.6,2.1,4.4,0.7,2.3,1.6,2.1,0.7,3,3.7,3,1.2,0.4,1.5,1.9,7.8,5.1,12.3,3.8,8.1,1.3,4.2,3,3.8,1.3,5.5,6.9,5.5,2.3,0.7,2.7,3.5,14.5,0.414,0.469,0.306,0.466,0.796,0.518
Taurean Waller-Prince,2016,-1.8,981,59,10,114,285,81,183,33,102,74,94,25,132,157,55,43,27,61,96,335,1.9,4.8,1.4,3.1,0.6,1.7,1.3,1.6,0.4,2.2,2.7,0.9,0.7,0.5,1,1.6,5.7,4.2,10.5,3,6.7,1.2,3.7,2.7,3.4,0.9,4.8,5.8,2,1.6,1,2.2,3.5,12.3,0.4,0.443,0.324,0.458,0.787,0.513,-1.1,2464,82,82,415,975,239,518,176,457,152,180,50,339,389,214,85,42,191,168,1158,5.1,11.9,2.9,6.3,2.1,5.6,1.9,2.2,0.6,4.1,4.7,2.6,1,0.5,2.3,2,14.1,6.1,14.2,3.5,7.6,2.6,6.7,2.2,2.6,0.7,5,5.7,3.1,1.2,0.6,2.8,2.5,16.9,0.426,0.461,0.385,0.516,0.844,0.549
Denzel Valentine,2016,-3.3,976,57,0,102,288,29,80,73,208,14,18,11,140,151,63,30,7,49,86,291,1.8,5.1,0.5,1.4,1.3,3.6,0.2,0.3,0.2,2.5,2.6,1.1,0.5,0.1,0.9,1.5,5.1,3.8,10.6,1.1,3,2.7,7.7,0.5,0.7,0.4,5.2,5.6,2.3,1.1,0.3,1.8,3.2,10.7,0.354,0.363,0.351,0.481,0.778,0.492,-1,2095,77,37,301,721,158,351,143,370,38,51,48,345,393,244,65,11,99,185,783,3.9,9.4,2.1,4.6,1.9,4.8,0.5,0.7,0.6,4.5,5.1,3.2,0.8,0.1,1.3,2.4,10.2,5.2,12.4,2.7,6,2.5,6.4,0.7,0.9,0.8,5.9,6.8,4.2,1.1,0.2,1.7,3.2,13.5,0.417,0.45,0.386,0.517,0.745,0.527
Tyler Dorsey,2017,-2.9,974,56,5,144,382,72,183,72,199,45,63,17,113,130,79,17,5,37,63,405,2.6,6.8,1.3,3.3,1.3,3.6,0.8,1.1,0.3,2,2.3,1.4,0.3,0.1,0.7,1.1,7.2,5.3,14.1,2.7,6.8,2.7,7.4,1.7,2.3,0.6,4.2,4.8,2.9,0.6,0.2,1.4,2.3,15,0.377,0.393,0.362,0.471,0.714,0.494,-3.5,698,48,11,107,264,63,132,44,132,38,61,27,86,113,56,14,2,27,53,296,2.2,5.5,1.3,2.8,0.9,2.8,0.8,1.3,0.6,1.8,2.4,1.2,0.3,0,0.6,1.1,6.2,5.5,13.6,3.2,6.8,2.3,6.8,2,3.1,1.4,4.4,5.8,2.9,0.7,0.1,1.4,2.7,15.3,0.405,0.477,0.333,0.489,0.623,0.509
Elie Okobo,2018,-5.7,958,53,16,114,290,75,158,39,132,37,47,12,86,98,127,32,7,69,109,304,2.2,5.5,1.4,3,0.7,2.5,0.7,0.9,0.2,1.6,1.8,2.4,0.6,0.1,1.3,2.1,5.7,4.3,10.9,2.8,5.9,1.5,5,1.4,1.8,0.5,3.2,3.7,4.8,1.2,0.3,2.6,4.1,11.4,0.393,0.475,0.295,0.46,0.787,0.489,-2.1,707,54,3,72,181,47,110,25,71,46,67,16,72,88,113,24,4,38,53,215,1.3,3.4,0.9,2,0.5,1.3,0.9,1.2,0.3,1.3,1.6,2.1,0.4,0.1,0.7,1,4,3.7,9.2,2.4,5.6,1.3,3.6,2.3,3.4,0.8,3.7,4.5,5.8,1.2,0.2,1.9,2.7,10.9,0.398,0.427,0.352,0.467,0.687,0.511
Chandler Hutchison,2018,-3.9,895,44,14,96,209,82,159,14,50,23,38,31,154,185,34,23,6,25,59,229,2.2,4.8,1.9,3.6,0.3,1.1,0.5,0.9,0.7,3.5,4.2,0.8,0.5,0.1,0.6,1.3,5.2,3.9,8.4,3.3,6.4,0.6,2,0.9,1.5,1.2,6.2,7.4,1.4,0.9,0.2,1,2.4,9.2,0.459,0.516,0.28,0.493,0.605,0.507,-2.6,527,28,10,80,175,68,137,12,38,46,78,18,90,108,26,27,7,27,47,218,2.9,6.3,2.4,4.9,0.4,1.4,1.6,2.8,0.6,3.2,3.9,0.9,1,0.3,1,1.7,7.8,5.5,12,4.6,9.4,0.8,2.6,3.1,5.3,1.2,6.1,7.4,1.8,1.8,0.5,1.8,3.2,14.9,0.457,0.496,0.316,0.491,0.59,0.521
Pascal Siakam,2016,-2.4,859,55,38,103,205,102,198,1,7,22,32,64,121,185,17,26,45,33,109,229,1.9,3.7,1.9,3.6,0,0.1,0.4,0.6,1.2,2.2,3.4,0.3,0.5,0.8,0.6,2,4.2,4.3,8.6,4.3,8.3,0,0.3,0.9,1.3,2.7,5.1,7.8,0.7,1.1,1.9,1.4,4.6,9.6,0.502,0.515,0.143,0.505,0.688,0.523,1.3,1679,81,5,253,498,224,366,29,132,54,87,79,285,364,159,62,42,67,166,589,3.1,6.1,2.8,4.5,0.4,1.6,0.7,1.1,1,3.5,4.5,2,0.8,0.5,0.8,2,7.3,5.4,10.7,4.8,7.8,0.6,2.8,1.2,1.9,1.7,6.1,7.8,3.4,1.3,0.9,1.4,3.6,12.6,0.508,0.612,0.22,0.537,0.621,0.549
Malik Monk,2017,-3.4,854,63,0,153,425,70,182,83,243,32,38,8,58,66,91,20,9,49,60,421,2.4,6.7,1.1,2.9,1.3,3.9,0.5,0.6,0.1,0.9,1,1.4,0.3,0.1,0.8,1,6.7,6.4,17.9,3,7.7,3.5,10.2,1.3,1.6,0.3,2.4,2.8,3.8,0.8,0.4,2.1,2.5,17.7,0.36,0.385,0.342,0.458,0.842,0.477,-3,1258,73,0,227,586,118,256,109,330,90,102,16,121,137,117,37,19,86,106,653,3.1,8,1.6,3.5,1.5,4.5,1.2,1.4,0.2,1.7,1.9,1.6,0.5,0.3,1.2,1.5,8.9,6.5,16.8,3.4,7.3,3.1,9.4,2.6,2.9,0.5,3.5,3.9,3.3,1.1,0.5,2.5,3,18.7,0.387,0.461,0.33,0.48,0.882,0.518
Tyrone Wallace,2016,-3.5,851,30,19,110,247,100,207,10,40,61,78,21,84,105,71,27,13,46,83,291,3.7,8.2,3.3,6.9,0.3,1.3,2,2.6,0.7,2.8,3.5,2.4,0.9,0.4,1.5,2.8,9.7,4.7,10.4,4.2,8.8,0.4,1.7,2.6,3.3,0.9,3.6,4.4,3,1.1,0.5,1.9,3.5,12.3,0.445,0.483,0.25,0.466,0.782,0.517,-6.4,628,62,0,92,217,88,198,4,19,30,57,20,81,101,42,21,7,36,83,218,1.5,3.5,1.4,3.2,0.1,0.3,0.5,0.9,0.3,1.3,1.6,0.7,0.3,0.1,0.6,1.3,3.5,5.3,12.4,5,11.4,0.2,1.1,1.7,3.3,1.1,4.6,5.8,2.4,1.2,0.4,2.1,4.8,12.5,0.424,0.444,0.211,0.433,0.526,0.45
Paul Zipser,2016,-4.4,843,44,18,88,221,55,122,33,99,31,40,15,110,125,36,15,16,40,78,240,2,5,1.3,2.8,0.8,2.3,0.7,0.9,0.3,2.5,2.8,0.8,0.3,0.4,0.9,1.8,5.5,3.8,9.4,2.3,5.2,1.4,4.2,1.3,1.7,0.6,4.7,5.3,1.5,0.6,0.7,1.7,3.3,10.2,0.398,0.451,0.333,0.473,0.775,0.503,-6.1,824,54,12,81,234,44,124,37,110,19,25,13,118,131,46,20,15,43,86,218,1.5,4.3,0.8,2.3,0.7,2,0.4,0.5,0.2,2.2,2.4,0.9,0.4,0.3,0.8,1.6,4,3.5,10.2,1.9,5.4,1.6,4.8,0.8,1.1,0.6,5.2,5.7,2,0.9,0.7,1.9,3.8,9.5,0.346,0.355,0.336,0.425,0.76,0.445
Juan Hernangómez,2016,-0.1,842,62,9,101,224,55,111,46,113,57,76,43,144,187,29,30,12,31,62,305,1.6,3.6,0.9,1.8,0.7,1.8,0.9,1.2,0.7,2.3,3,0.5,0.5,0.2,0.5,1,4.9,4.3,9.6,2.4,4.7,2,4.8,2.4,3.2,1.8,6.2,8,1.2,1.3,0.5,1.3,2.7,13,0.451,0.495,0.407,0.554,0.75,0.592,-3.3,277,25,3,29,75,15,25,14,50,10,12,18,36,54,12,6,3,9,25,82,1.2,3,0.6,1,0.6,2,0.4,0.5,0.7,1.4,2.2,0.5,0.2,0.1,0.4,1,3.3,3.8,9.7,1.9,3.2,1.8,6.5,1.3,1.6,2.3,4.7,7,1.6,0.8,0.4,1.2,3.2,10.7,0.387,0.6,0.28,0.48,0.833,0.511
Harry Giles,2017,-3,820,58,0,175,348,175,342,0,6,58,91,66,156,222,85,31,22,73,150,408,3,6,3,5.9,0,0.1,1,1.6,1.1,2.7,3.8,1.5,0.5,0.4,1.3,2.6,7,7.7,15.3,7.7,15,0,0.3,2.5,4,2.9,6.8,9.7,3.7,1.4,1,3.2,6.6,17.9,0.503,0.512,0,0.503,0.637,0.526,-0.6,616,41,17,128,222,128,221,0,1,38,49,37,134,171,53,21,14,37,108,294,3.1,5.4,3.1,5.4,0,0,0.9,1.2,0.9,3.3,4.2,1.3,0.5,0.3,0.9,2.6,7.2,7.5,13,7.5,12.9,0,0.1,2.2,2.9,2.2,7.8,10,3.1,1.2,0.8,2.2,6.3,17.2,0.577,0.579,0,0.577,0.776,0.604
Jordan Bell,2017,2.8,809,57,13,116,185,116,181,0,4,30,44,60,147,207,102,35,56,51,92,262,2,3.2,2,3.2,0,0.1,0.5,0.8,1.1,2.6,3.6,1.8,0.6,1,0.9,1.6,4.6,5.2,8.2,5.2,8.1,0,0.2,1.3,2,2.7,6.5,9.2,4.5,1.6,2.5,2.3,4.1,11.7,0.627,0.641,0,0.627,0.682,0.641,-0.9,788,68,3,99,192,99,190,0,2,25,41,55,129,184,76,20,51,42,80,223,1.5,2.8,1.5,2.8,0,0,0.4,0.6,0.8,1.9,2.7,1.1,0.3,0.8,0.6,1.2,3.3,4.5,8.8,4.5,8.7,0,0.1,1.1,1.9,2.5,5.9,8.4,3.5,0.9,2.3,1.9,3.7,10.2,0.516,0.521,0,0.516,0.61,0.531
Omari Spellman,2018,-1.2,805,46,11,98,244,54,116,44,128,32,45,72,122,194,47,26,25,31,67,272,2.1,5.3,1.2,2.5,1,2.8,0.7,1,1.6,2.7,4.2,1,0.6,0.5,0.7,1.5,5.9,4.4,10.9,2.4,5.2,2,5.7,1.4,2,3.2,5.5,8.7,2.1,1.2,1.1,1.4,3,12.2,0.402,0.466,0.344,0.492,0.711,0.516,-1.7,886,49,3,127,295,84,185,43,110,73,92,77,142,219,47,33,24,54,63,370,2.6,6,1.7,3.8,0.9,2.2,1.5,1.9,1.6,2.9,4.5,1,0.7,0.5,1.1,1.3,7.6,5.2,12,3.4,7.5,1.7,4.5,3,3.7,3.1,5.8,8.9,1.9,1.3,1,2.2,2.6,15,0.431,0.454,0.391,0.503,0.793,0.551
Jawun Evans,2017,-5,778,48,4,89,253,74,199,15,54,38,49,9,75,84,100,36,6,44,97,231,1.9,5.3,1.5,4.1,0.3,1.1,0.8,1,0.2,1.6,1.8,2.1,0.8,0.1,0.9,2,4.8,4.1,11.7,3.4,9.2,0.7,2.5,1.8,2.3,0.4,3.5,3.9,4.6,1.7,0.3,2,4.5,10.7,0.352,0.372,0.278,0.381,0.776,0.421,-10.3,65,8,0,3,14,3,11,0,3,0,0,1,11,12,10,3,0,6,8,6,0.4,1.8,0.4,1.4,0,0.4,0,0,0.1,1.4,1.5,1.3,0.4,0,0.8,1,0.8,1.7,7.8,1.7,6.1,0,1.7,0,0,0.6,6.1,6.6,5.5,1.7,0,3.3,4.4,3.3,0.214,0.273,0,0.214,0,0.214
Sterling Brown,2017,-3.1,776,54,4,82,205,50,114,32,91,21,24,27,116,143,25,31,13,25,80,217,1.5,3.8,0.9,2.1,0.6,1.7,0.4,0.4,0.5,2.1,2.6,0.5,0.6,0.2,0.5,1.5,4,3.8,9.5,2.3,5.3,1.5,4.2,1,1.1,1.3,5.4,6.6,1.2,1.4,0.6,1.2,3.7,10.1,0.4,0.439,0.352,0.478,0.875,0.503,-1.5,1034,58,7,145,312,92,165,53,147,29,42,29,155,184,84,25,8,46,88,372,2.5,5.4,1.6,2.8,0.9,2.5,0.5,0.7,0.5,2.7,3.2,1.4,0.4,0.1,0.8,1.5,6.4,5,10.9,3.2,5.7,1.8,5.1,1,1.5,1,5.4,6.4,2.9,0.9,0.3,1.6,3.1,13,0.465,0.558,0.361,0.55,0.69,0.563
Mohamed Bamba,2018,-1.4,766,47,1,117,243,96,173,21,70,37,63,64,169,233,39,13,64,43,102,292,2.5,5.2,2,3.7,0.4,1.5,0.8,1.3,1.4,3.6,5,0.8,0.3,1.4,0.9,2.2,6.2,5.5,11.4,4.5,8.1,1,3.3,1.7,3,3,7.9,11,1.8,0.6,3,2,4.8,13.7,0.481,0.555,0.3,0.525,0.587,0.539,0.3,878,62,0,132,286,95,179,37,107,31,46,100,202,302,42,23,86,42,116,332,2.1,4.6,1.5,2.9,0.6,1.7,0.5,0.7,1.6,3.3,4.9,0.7,0.4,1.4,0.7,1.9,5.4,5.4,11.7,3.9,7.3,1.5,4.4,1.3,1.9,4.1,8.3,12.4,1.7,0.9,3.5,1.7,4.8,13.6,0.462,0.531,0.346,0.526,0.674,0.542
Terrance Ferguson,2017,-3.3,763,61,12,70,169,30,49,40,120,9,10,19,28,47,19,24,10,11,83,189,1.1,2.8,0.5,0.8,0.7,2,0.1,0.2,0.3,0.5,0.8,0.3,0.4,0.2,0.2,1.4,3.1,3.3,8,1.4,2.3,1.9,5.7,0.4,0.5,0.9,1.3,2.2,0.9,1.1,0.5,0.5,3.9,8.9,0.414,0.612,0.333,0.533,0.9,0.545,-3.8,1931,74,74,185,431,79,141,106,290,37,51,33,108,141,72,40,16,47,231,513,2.5,5.8,1.1,1.9,1.4,3.9,0.5,0.7,0.4,1.5,1.9,1,0.5,0.2,0.6,3.1,6.9,3.4,8,1.5,2.6,2,5.4,0.7,1,0.6,2,2.6,1.3,0.7,0.3,0.9,4.3,9.6,0.429,0.56,0.366,0.552,0.725,0.566
Michael Porter,2018,1.3,738,50,3,157,312,108,196,49,116,43,53,56,156,212,39,21,21,41,84,406,3.1,6.2,2.2,3.9,1,2.3,0.9,1.1,1.1,3.1,4.2,0.8,0.4,0.4,0.8,1.7,8.1,7.7,15.2,5.3,9.6,2.4,5.7,2.1,2.6,2.7,7.6,10.3,1.9,1,1,2,4.1,19.8,0.503,0.551,0.422,0.582,0.811,0.605,0,0,0,0,0,0,0,0,0,0,0,0,0,0,0,0,0,0,0,0,0,0,0,0,0,0,0,0,0,0,0,0,0,0,0,0,0,0,0,0,0,0,0,0,0,0,0,0,0,0,0,0,0,0,0,0,0,0,0,0,0
Troy Brown,2018,-2.7,730,52,10,97,234,75,165,22,69,32,47,35,110,145,80,21,5,30,56,248,1.9,4.5,1.4,3.2,0.4,1.3,0.6,0.9,0.7,2.1,2.8,1.5,0.4,0.1,0.6,1.1,4.8,4.8,11.5,3.7,8.1,1.1,3.4,1.6,2.3,1.7,5.4,7.2,3.9,1,0.2,1.5,2.8,12.2,0.415,0.455,0.319,0.462,0.681,0.487,-1.1,1614,64,17,247,545,194,390,53,155,94,123,67,276,343,159,78,6,68,120,641,3.9,8.5,3,6.1,0.8,2.4,1.5,1.9,1,4.3,5.4,2.5,1.2,0.1,1.1,1.9,10,5.5,12.2,4.3,8.7,1.2,3.5,2.1,2.7,1.5,6.2,7.7,3.5,1.7,0.1,1.5,2.7,14.3,0.453,0.497,0.342,0.502,0.764,0.535
Norman Powell,2015,-0.3,725,49,24,97,229,61,140,36,89,43,53,16,95,111,47,29,10,32,59,273,2,4.7,1.2,2.9,0.7,1.8,0.9,1.1,0.3,1.9,2.3,1,0.6,0.2,0.7,1.2,5.6,4.8,11.4,3,7,1.8,4.4,2.1,2.6,0.8,4.7,5.5,2.3,1.4,0.5,1.6,2.9,13.6,0.424,0.436,0.404,0.502,0.811,0.541,-0.5,1368,76,18,227,506,171,333,56,173,126,159,26,143,169,82,52,14,70,127,636,3,6.7,2.3,4.4,0.7,2.3,1.7,2.1,0.3,1.9,2.2,1.1,0.7,0.2,0.9,1.7,8.4,6,13.3,4.5,8.8,1.5,4.6,3.3,4.2,0.7,3.8,4.4,2.2,1.4,0.4,1.8,3.3,16.7,0.449,0.514,0.324,0.504,0.792,0.552
Dwayne Bacon,2017,-4.7,713,53,6,72,192,61,149,11,43,20,25,4,120,124,38,16,2,23,46,175,1.4,3.6,1.2,2.8,0.2,0.8,0.4,0.5,0.1,2.3,2.3,0.7,0.3,0,0.4,0.9,3.3,3.6,9.7,3.1,7.5,0.6,2.2,1,1.3,0.2,6.1,6.3,1.9,0.8,0.1,1.2,2.3,8.8,0.375,0.409,0.256,0.404,0.8,0.431,-3.7,759,43,13,122,257,84,170,38,87,34,46,8,81,89,47,12,5,18,72,316,2.8,6,2,4,0.9,2,0.8,1.1,0.2,1.9,2.1,1.1,0.3,0.1,0.4,1.7,7.3,5.8,12.2,4,8.1,1.8,4.1,1.6,2.2,0.4,3.8,4.2,2.2,0.6,0.2,0.9,3.4,15,0.475,0.494,0.437,0.549,0.739,0.57
Richaun Holmes,2015,-1.5,702,51,1,114,222,106,178,8,44,51,74,62,73,135,33,19,40,32,92,287,2.2,4.4,2.1,3.5,0.2,0.9,1,1.5,1.2,1.4,2.6,0.6,0.4,0.8,0.6,1.8,5.6,5.8,11.4,5.4,9.1,0.4,2.3,2.6,3.8,3.2,3.7,6.9,1.7,1,2.1,1.6,4.7,14.7,0.514,0.596,0.182,0.532,0.689,0.564,1,1193,57,17,230,412,203,335,27,77,72,103,94,217,311,58,42,55,55,136,559,4,7.2,3.6,5.9,0.5,1.4,1.3,1.8,1.6,3.8,5.5,1,0.7,1,1,2.4,9.8,6.9,12.4,6.1,10.1,0.8,2.3,2.2,3.1,2.8,6.5,9.4,1.8,1.3,1.7,1.7,4.1,16.9,0.558,0.606,0.351,0.591,0.699,0.611
Cameron Payne,2015,-0.7,698,57,1,114,278,78,167,36,111,19,24,9,76,85,108,36,6,44,80,283,2,4.9,1.4,2.9,0.6,1.9,0.3,0.4,0.2,1.3,1.5,1.9,0.6,0.1,0.8,1.4,5,5.9,14.3,4,8.6,1.9,5.7,1,1.2,0.5,3.9,4.4,5.6,1.9,0.3,2.3,4.1,14.6,0.41,0.467,0.324,0.475,0.792,0.49,-6.1,462,31,0,64,193,37,107,27,86,5,8,3,45,48,55,14,4,29,52,160,2.1,6.2,1.2,3.5,0.9,2.8,0.2,0.3,0.1,1.5,1.5,1.8,0.5,0.1,0.9,1.7,5.2,5,15,2.9,8.3,2.1,6.7,0.4,0.6,0.2,3.5,3.7,4.3,1.1,0.3,2.3,4.1,12.5,0.332,0.346,0.314,0.402,0.625,0.407
Devonte' Graham,2018,-4,676,46,3,74,216,40,95,34,121,35,46,10,53,63,121,23,2,30,48,217,1.6,4.7,0.9,2.1,0.7,2.6,0.8,1,0.2,1.2,1.4,2.6,0.5,0,0.7,1,4.7,3.9,11.5,2.1,5.1,1.8,6.4,1.9,2.4,0.5,2.8,3.4,6.4,1.2,0.1,1.6,2.6,11.6,0.343,0.421,0.281,0.421,0.761,0.459,0.5,2211,63,53,368,963,150,378,218,585,191,233,42,170,212,471,62,15,181,115,1145,5.8,15.3,2.4,6,3.5,9.3,3,3.7,0.7,2.7,3.4,7.5,1,0.2,2.9,1.8,18.2,6,15.7,2.4,6.2,3.5,9.5,3.1,3.8,0.7,2.8,3.5,7.7,1,0.2,2.9,1.9,18.6,0.382,0.397,0.373,0.495,0.82,0.537
Cedi Osman,2015,-2.9,672,61,12,90,186,58,99,32,87,26,46,19,101,120,41,22,3,32,78,238,1.5,3,1,1.6,0.5,1.4,0.4,0.8,0.3,1.7,2,0.7,0.4,0,0.5,1.3,3.9,4.8,10,3.1,5.3,1.7,4.7,1.4,2.5,1,5.4,6.4,2.2,1.2,0.2,1.7,4.2,12.8,0.484,0.586,0.368,0.57,0.565,0.577,-3.2,2444,76,75,360,844,230,470,130,374,141,181,45,312,357,195,60,11,114,195,991,4.7,11.1,3,6.2,1.7,4.9,1.9,2.4,0.6,4.1,4.7,2.6,0.8,0.1,1.5,2.6,13,5.3,12.4,3.4,6.9,1.9,5.5,2.1,2.7,0.7,4.6,5.3,2.9,0.9,0.2,1.7,2.9,14.6,0.427,0.489,0.348,0.504,0.779,0.536
Kelly Oubre,2015,-5.1,671,63,9,90,211,65,132,25,79,31,49,25,108,133,13,22,7,34,100,236,1.4,3.3,1,2.1,0.4,1.3,0.5,0.8,0.4,1.7,2.1,0.2,0.3,0.1,0.5,1.6,3.7,4.8,11.3,3.5,7.1,1.3,4.2,1.7,2.6,1.3,5.8,7.1,0.7,1.2,0.4,1.8,5.4,12.7,0.427,0.492,0.316,0.486,0.633,0.507,-3.2,1605,79,5,186,442,132,254,54,188,75,99,61,200,261,47,58,17,50,195,501,2.4,5.6,1.7,3.2,0.7,2.4,0.9,1.3,0.8,2.5,3.3,0.6,0.7,0.2,0.6,2.5,6.3,4.2,9.9,3,5.7,1.2,4.2,1.7,2.2,1.4,4.5,5.9,1.1,1.3,0.4,1.1,4.4,11.2,0.421,0.52,0.287,0.482,0.758,0.516
Justin Anderson,2015,0.3,647,55,9,71,175,49,92,22,83,44,55,18,114,132,29,19,25,24,45,208,1.3,3.2,0.9,1.7,0.4,1.5,0.8,1,0.3,2.1,2.4,0.5,0.3,0.5,0.4,0.8,3.8,4,9.7,2.7,5.1,1.2,4.6,2.4,3.1,1,6.3,7.3,1.6,1.1,1.4,1.3,2.5,11.6,0.406,0.533,0.265,0.469,0.8,0.522,-1.3,1228,75,10,186,439,128,245,58,194,102,129,69,176,245,66,41,23,66,109,532,2.5,5.9,1.7,3.3,0.8,2.6,1.4,1.7,0.9,2.3,3.3,0.9,0.5,0.3,0.9,1.5,7.1,5.5,12.9,3.8,7.2,1.7,5.7,3,3.8,2,5.2,7.2,1.9,1.2,0.7,1.9,3.2,15.6,0.424,0.522,0.299,0.49,0.791,0.537
Aaron Holiday,2018,-1.6,646,50,0,105,262,62,135,43,127,41,50,5,62,67,87,21,13,40,71,294,2.1,5.2,1.2,2.7,0.9,2.5,0.8,1,0.1,1.2,1.3,1.7,0.4,0.3,0.8,1.4,5.9,5.9,14.6,3.5,7.5,2.4,7.1,2.3,2.8,0.3,3.5,3.7,4.8,1.2,0.7,2.2,4,16.4,0.401,0.459,0.339,0.483,0.82,0.518,-1.6,1473,61,29,218,528,134,315,84,213,70,81,22,121,143,209,47,14,78,105,590,3.6,8.7,2.2,5.2,1.4,3.5,1.1,1.3,0.4,2,2.3,3.4,0.8,0.2,1.3,1.7,9.7,5.3,12.9,3.3,7.7,2.1,5.2,1.7,2,0.5,3,3.5,5.1,1.1,0.3,1.9,2.6,14.4,0.413,0.425,0.394,0.492,0.864,0.523
Jonah Bolden,2017,-0.7,639,44,10,80,162,46,66,34,96,13,27,47,118,165,40,17,39,36,99,207,1.8,3.7,1,1.5,0.8,2.2,0.3,0.6,1.1,2.7,3.8,0.9,0.4,0.9,0.8,2.3,4.7,4.5,9.1,2.6,3.7,1.9,5.4,0.7,1.5,2.6,6.6,9.3,2.3,1,2.2,2,5.6,11.7,0.494,0.697,0.354,0.599,0.481,0.595,-8.9,47,7,0,4,11,4,7,0,4,2,4,3,6,9,0,3,2,2,10,10,0.6,1.6,0.6,1,0,0.6,0.3,0.6,0.4,0.9,1.3,0,0.4,0.3,0.3,1.4,1.4,3.1,8.4,3.1,5.4,0,3.1,1.5,3.1,2.3,4.6,6.9,0,2.3,1.5,1.5,7.7,7.7,0.364,0.571,0,0.364,0.5,0.392
Jakob Poeltl,2016,-3.1,626,54,4,67,115,67,115,0,0,31,57,78,87,165,12,17,20,29,113,165,1.2,2.1,1.2,2.1,0,0,0.6,1.1,1.4,1.6,3.1,0.2,0.3,0.4,0.5,2.1,3.1,3.9,6.6,3.9,6.6,0,0,1.8,3.3,4.5,5,9.5,0.7,1,1.2,1.7,6.5,9.5,0.583,0.583,0,0.583,0.544,0.589,0.4,1524,82,0,253,384,252,382,1,2,60,101,165,228,393,57,39,100,85,212,567,3.1,4.7,3.1,4.7,0,0,0.7,1.2,2,2.8,4.8,0.7,0.5,1.2,1,2.6,6.9,6,9.1,6,9,0,0,1.4,2.4,3.9,5.4,9.3,1.3,0.9,2.4,2,5,13.4,0.659,0.66,0.5,0.66,0.594,0.662
Rondae Hollis-Jefferson,2015,0.8,615,29,17,63,138,59,124,4,14,37,52,39,115,154,43,39,16,26,61,167,2.2,4.8,2,4.3,0.1,0.5,1.3,1.8,1.3,4,5.3,1.5,1.3,0.6,0.9,2.1,5.8,3.7,8.1,3.5,7.3,0.2,0.8,2.2,3,2.3,6.7,9,2.5,2.3,0.9,1.5,3.6,9.8,0.457,0.476,0.286,0.471,0.712,0.519,-1.3,1761,78,50,235,542,220,475,15,67,190,253,96,356,452,154,82,44,116,177,675,3,6.9,2.8,6.1,0.2,0.9,2.4,3.2,1.2,4.6,5.8,2,1.1,0.6,1.5,2.3,8.7,4.8,11.1,4.5,9.7,0.3,1.4,3.9,5.2,2,7.3,9.2,3.1,1.7,0.9,2.4,3.6,13.8,0.434,0.463,0.224,0.447,0.751,0.517
Skal Labissière,2016,-2.3,612,33,12,117,218,114,210,3,8,52,74,51,111,162,27,16,13,37,64,289,3.5,6.6,3.5,6.4,0.1,0.2,1.6,2.2,1.5,3.4,4.9,0.8,0.5,0.4,1.1,1.9,8.8,6.9,12.8,6.7,12.4,0.2,0.5,3.1,4.4,3,6.5,9.5,1.6,0.9,0.8,2.2,3.8,17,0.537,0.543,0.375,0.544,0.703,0.577,-2.7,1240,60,28,205,458,187,407,18,51,95,118,99,189,288,72,25,49,73,132,523,3.4,7.6,3.1,6.8,0.3,0.9,1.6,2,1.7,3.2,4.8,1.2,0.4,0.8,1.2,2.2,8.7,6,13.3,5.4,11.8,0.5,1.5,2.8,3.4,2.9,5.5,8.4,2.1,0.7,1.4,2.1,3.8,15.2,0.448,0.459,0.353,0.467,0.805,0.513
Ivica Zubac,2016,-1.7,609,38,11,126,238,126,235,0,3,32,49,41,118,159,30,14,33,30,66,284,3.3,6.3,3.3,6.2,0,0.1,0.8,1.3,1.1,3.1,4.2,0.8,0.4,0.9,0.8,1.7,7.5,7.4,14.1,7.4,13.9,0,0.2,1.9,2.9,2.4,7,9.4,1.8,0.8,2,1.8,3.9,16.8,0.529,0.536,0,0.529,0.653,0.547,-2,410,43,0,61,122,61,121,0,1,39,51,45,78,123,25,8,15,26,47,161,1.4,2.8,1.4,2.8,0,0,0.9,1.2,1,1.8,2.9,0.6,0.2,0.3,0.6,1.1,3.7,5.4,10.7,5.4,10.6,0,0.1,3.4,4.5,4,6.8,10.8,2.2,0.7,1.3,2.3,4.1,14.1,0.5,0.504,0,0.5,0.765,0.557
Anthony Brown,2015,-5.5,599,29,11,39,126,19,56,20,70,17,20,9,61,70,19,14,5,15,34,115,1.3,4.3,0.7,1.9,0.7,2.4,0.6,0.7,0.3,2.1,2.4,0.7,0.5,0.2,0.5,1.2,4,2.3,7.6,1.1,3.4,1.2,4.2,1,1.2,0.5,3.7,4.2,1.1,0.8,0.3,0.9,2,6.9,0.31,0.339,0.286,0.389,0.85,0.427,-4.4,159,11,0,18,50,11,23,7,27,0,0,8,25,33,8,5,1,6,15,43,1.6,4.5,1,2.1,0.6,2.5,0,0,0.7,2.3,3,0.7,0.5,0.1,0.5,1.4,3.9,4.1,11.3,2.5,5.2,1.6,6.1,0,0,1.8,5.7,7.5,1.8,1.1,0.2,1.4,3.4,9.7,0.36,0.478,0.259,0.43,0,0.43
Jevon Carter,2018,-4,577,39,3,56,185,22,83,34,102,26,32,14,52,66,69,26,11,33,55,172,1.4,4.7,0.6,2.1,0.9,2.6,0.7,0.8,0.4,1.3,1.7,1.8,0.7,0.3,0.8,1.4,4.4,3.5,11.5,1.4,5.2,2.1,6.4,1.6,2,0.9,3.2,4.1,4.3,1.6,0.7,2.1,3.4,10.7,0.303,0.265,0.333,0.395,0.813,0.432,-0.5,815,53,2,86,216,37,90,49,126,23,27,25,77,102,72,41,13,31,80,244,1.6,4.1,0.7,1.7,0.9,2.4,0.4,0.5,0.5,1.5,1.9,1.4,0.8,0.2,0.6,1.5,4.6,3.8,9.5,1.6,4,2.2,5.6,1,1.2,1.1,3.4,4.5,3.2,1.8,0.6,1.4,3.5,10.8,0.398,0.411,0.389,0.512,0.852,0.535
Dragan Bender,2016,-5.1,574,43,0,57,161,29,60,28,101,4,11,23,80,103,23,10,22,32,74,146,1.3,3.7,0.7,1.4,0.7,2.3,0.1,0.3,0.5,1.9,2.4,0.5,0.2,0.5,0.7,1.7,3.4,3.6,10.1,1.8,3.8,1.8,6.3,0.3,0.7,1.4,5,6.5,1.4,0.6,1.4,2,4.6,9.2,0.354,0.483,0.277,0.441,0.364,0.44,-3.7,2069,82,37,187,484,69,162,118,322,39,51,40,321,361,130,22,53,112,166,531,2.3,5.9,0.8,2,1.4,3.9,0.5,0.6,0.5,3.9,4.4,1.6,0.3,0.6,1.4,2,6.5,3.3,8.4,1.2,2.8,2.1,5.6,0.7,0.9,0.7,5.6,6.3,2.3,0.4,0.9,1.9,2.9,9.2,0.386,0.426,0.366,0.508,0.765,0.524
Tyus Jones,2015,-2.4,573,37,0,56,156,40,103,16,53,28,39,7,40,47,108,31,3,33,33,156,1.5,4.2,1.1,2.8,0.4,1.4,0.8,1.1,0.2,1.1,1.3,2.9,0.8,0.1,0.9,0.9,4.2,3.5,9.8,2.5,6.5,1,3.3,1.8,2.5,0.4,2.5,3,6.8,1.9,0.2,2.1,2.1,9.8,0.359,0.388,0.302,0.41,0.718,0.45,0.2,774,60,0,75,181,49,108,26,73,33,43,10,57,67,156,48,5,38,50,209,1.3,3,0.8,1.8,0.4,1.2,0.6,0.7,0.2,1,1.1,2.6,0.8,0.1,0.6,0.8,3.5,3.5,8.4,2.3,5,1.2,3.4,1.5,2,0.5,2.7,3.1,7.3,2.2,0.2,1.8,2.3,9.7,0.414,0.454,0.356,0.486,0.767,0.523
Thon Maker,2016,-2,562,57,34,83,181,55,107,28,74,32,49,40,74,114,23,10,26,17,84,226,1.5,3.2,1,1.9,0.5,1.3,0.6,0.9,0.7,1.3,2,0.4,0.2,0.5,0.3,1.5,4,5.3,11.6,3.5,6.9,1.8,4.7,2,3.1,2.6,4.7,7.3,1.5,0.6,1.7,1.1,5.4,14.5,0.459,0.514,0.378,0.536,0.653,0.558,-3.5,1238,74,12,130,316,99,212,31,104,65,93,75,150,225,46,38,53,44,162,356,1.8,4.3,1.3,2.9,0.4,1.4,0.9,1.3,1,2,3,0.6,0.5,0.7,0.6,2.2,4.8,3.8,9.2,2.9,6.2,0.9,3,1.9,2.7,2.2,4.4,6.5,1.3,1.1,1.5,1.3,4.7,10.4,0.411,0.467,0.298,0.46,0.699,0.499
Jonathan Isaac,2017,-1.4,536,27,10,55,145,39,99,16,46,19,25,16,83,99,18,33,30,27,48,145,2,5.4,1.4,3.7,0.6,1.7,0.7,0.9,0.6,3.1,3.7,0.7,1.2,1.1,1,1.8,5.4,3.7,9.7,2.6,6.6,1.1,3.1,1.3,1.7,1.1,5.6,6.6,1.2,2.2,2,1.8,3.2,9.7,0.379,0.394,0.348,0.434,0.76,0.465,-0.4,1996,75,64,262,611,176,345,86,266,110,135,99,312,411,80,59,98,75,143,720,3.5,8.1,2.3,4.6,1.1,3.5,1.5,1.8,1.3,4.2,5.5,1.1,0.8,1.3,1,1.9,9.6,4.7,11,3.2,6.2,1.6,4.8,2,2.4,1.8,5.6,7.4,1.4,1.1,1.8,1.4,2.6,13,0.429,0.51,0.323,0.499,0.815,0.537
Hamidou Diallo,2018,-4.2,526,51,3,75,165,71,141,4,24,36,59,38,59,97,17,21,10,23,77,190,1.5,3.2,1.4,2.8,0.1,0.5,0.7,1.2,0.7,1.2,1.9,0.3,0.4,0.2,0.5,1.5,3.7,5.1,11.3,4.9,9.7,0.3,1.6,2.5,4,2.6,4,6.6,1.2,1.4,0.7,1.6,5.3,13,0.455,0.504,0.167,0.467,0.61,0.497,-4.4,743,40,3,103,230,94,192,9,38,29,46,31,102,133,27,30,8,40,85,244,2.6,5.8,2.4,4.8,0.2,1,0.7,1.2,0.8,2.6,3.3,0.7,0.8,0.2,1,2.1,6.1,5,11.1,4.6,9.3,0.4,1.8,1.4,2.2,1.5,4.9,6.4,1.3,1.5,0.4,1.9,4.1,11.8,0.448,0.49,0.237,0.467,0.63,0.488
Abdel Nader,2016,-5.3,522,48,1,50,149,27,84,23,65,23,39,13,58,71,26,15,10,34,45,146,1,3.1,0.6,1.8,0.5,1.4,0.5,0.8,0.3,1.2,1.5,0.5,0.3,0.2,0.7,0.9,3,3.4,10.3,1.9,5.8,1.6,4.5,1.6,2.7,0.9,4,4.9,1.8,1,0.7,2.3,3.1,10.1,0.336,0.321,0.354,0.413,0.59,0.439,-3.2,694,61,1,91,215,59,115,32,100,27,36,14,102,116,20,20,12,26,68,241,1.5,3.5,1,1.9,0.5,1.6,0.4,0.6,0.2,1.7,1.9,0.3,0.3,0.2,0.4,1.1,4,4.7,11.2,3.1,6,1.7,5.2,1.4,1.9,0.7,5.3,6,1,1,0.6,1.3,3.5,12.5,0.423,0.513,0.32,0.498,0.75,0.522
Ivan Rabb,2017,-2,516,36,5,86,152,86,152,0,0,29,36,53,105,158,32,12,13,35,55,201,2.4,4.2,2.4,4.2,0,0,0.8,1,1.5,2.9,4.4,0.9,0.3,0.4,1,1.5,5.6,6,10.6,6,10.6,0,0,2,2.5,3.7,7.3,11,2.2,0.8,0.9,2.4,3.8,14,0.566,0.566,0,0.566,0.806,0.599,-1.4,721,49,13,116,212,113,197,3,15,49,69,70,136,206,54,17,14,35,90,284,2.4,4.3,2.3,4,0.1,0.3,1,1.4,1.4,2.8,4.2,1.1,0.3,0.3,0.7,1.8,5.8,5.8,10.6,5.6,9.8,0.1,0.7,2.4,3.4,3.5,6.8,10.3,2.7,0.8,0.7,1.7,4.5,14.2,0.547,0.574,0.2,0.554,0.71,0.586
Keita Bates-Diop,2018,-3.4,503,30,3,60,142,47,90,13,52,18,28,16,67,83,17,18,14,14,29,151,2,4.7,1.6,3,0.4,1.7,0.6,0.9,0.5,2.2,2.8,0.6,0.6,0.5,0.5,1,5,4.3,10.2,3.4,6.4,0.9,3.7,1.3,2,1.1,4.8,5.9,1.2,1.3,1,1,2.1,10.8,0.423,0.522,0.25,0.468,0.643,0.489,-0.8,667,40,0,89,208,58,114,31,94,49,69,21,91,112,30,18,21,14,38,258,2.2,5.2,1.5,2.9,0.8,2.4,1.2,1.7,0.5,2.3,2.8,0.8,0.5,0.5,0.4,1,6.5,4.8,11.2,3.1,6.2,1.7,5.1,2.6,3.7,1.1,4.9,6,1.6,1,1.1,0.8,2.1,13.9,0.428,0.509,0.33,0.502,0.71,0.541
Damyean Dotson,2017,-2.3,474,44,2,72,161,50,93,22,68,16,23,9,75,84,31,12,2,17,34,182,1.6,3.7,1.1,2.1,0.5,1.5,0.4,0.5,0.2,1.7,1.9,0.7,0.3,0,0.4,0.8,4.1,5.5,12.2,3.8,7.1,1.7,5.2,1.2,1.7,0.7,5.7,6.4,2.4,0.9,0.2,1.3,2.6,13.8,0.447,0.538,0.324,0.516,0.696,0.532,-2.6,2004,73,40,290,698,164,356,126,342,73,98,34,228,262,135,58,10,71,135,779,4,9.6,2.2,4.9,1.7,4.7,1,1.3,0.5,3.1,3.6,1.8,0.8,0.1,1,1.8,10.7,5.2,12.5,2.9,6.4,2.3,6.1,1.3,1.8,0.6,4.1,4.7,2.4,1,0.2,1.3,2.4,14,0.415,0.461,0.368,0.506,0.745,0.526
T.J. Leaf,2017,-3.1,459,53,0,64,136,46,94,18,42,10,16,29,53,82,9,5,4,10,45,156,1.2,2.6,0.9,1.8,0.3,0.8,0.2,0.3,0.5,1,1.5,0.2,0.1,0.1,0.2,0.8,2.9,5,10.7,3.6,7.4,1.4,3.3,0.8,1.3,2.3,4.2,6.4,0.7,0.4,0.3,0.8,3.5,12.2,0.471,0.489,0.429,0.537,0.625,0.545,-0.3,522,58,1,99,183,91,152,8,31,19,31,43,82,125,24,9,19,12,35,225,1.7,3.2,1.6,2.6,0.1,0.5,0.3,0.5,0.7,1.4,2.2,0.4,0.2,0.3,0.2,0.6,3.9,6.8,12.6,6.3,10.5,0.6,2.1,1.3,2.1,3,5.7,8.6,1.7,0.6,1.3,0.8,2.4,15.5,0.541,0.599,0.258,0.563,0.613,0.572
Moritz Wagner,2018,-4.3,446,43,5,71,171,49,94,22,77,43,53,17,68,85,24,11,13,39,57,207,1.7,4,1.1,2.2,0.5,1.8,1,1.2,0.4,1.6,2,0.6,0.3,0.3,0.9,1.3,4.8,5.7,13.8,4,7.6,1.8,6.2,3.5,4.3,1.4,5.5,6.9,1.9,0.9,1,3.1,4.6,16.7,0.415,0.521,0.286,0.48,0.811,0.533,-2.1,747,40,5,135,241,112,172,23,69,68,84,54,146,200,51,25,19,60,141,361,3.4,6,2.8,4.3,0.6,1.7,1.7,2.1,1.4,3.7,5,1.3,0.6,0.5,1.5,3.5,9,6.5,11.6,5.4,8.3,1.1,3.3,3.3,4,2.6,7,9.6,2.5,1.2,0.9,2.9,6.8,17.4,0.56,0.651,0.333,0.608,0.81,0.649
Sviatoslav Mykhailiuk,2018,-5,440,42,0,46,140,17,51,29,89,12,20,9,27,36,37,14,1,21,25,133,1.1,3.3,0.4,1.2,0.7,2.1,0.3,0.5,0.2,0.6,0.9,0.9,0.3,0,0.5,0.6,3.2,3.8,11.5,1.4,4.2,2.4,7.3,1,1.6,0.7,2.2,2.9,3,1.1,0.1,1.7,2,10.9,0.329,0.333,0.326,0.432,0.6,0.447,-1.8,1265,56,27,166,405,51,120,115,285,57,70,17,87,104,106,41,4,61,87,504,3,7.2,0.9,2.1,2.1,5.1,1,1.3,0.3,1.6,1.9,1.9,0.7,0.1,1.1,1.6,9,4.7,11.5,1.5,3.4,3.3,8.1,1.6,2,0.5,2.5,3,3,1.2,0.1,1.7,2.5,14.3,0.41,0.425,0.404,0.552,0.814,0.578
Jaron Blossomgame,2017,-3.8,439,27,4,47,106,37,67,10,39,10,13,26,72,98,13,7,8,11,20,114,1.7,3.9,1.4,2.5,0.4,1.4,0.4,0.5,1,2.7,3.6,0.5,0.3,0.3,0.4,0.7,4.2,3.9,8.7,3,5.5,0.8,3.2,0.8,1.1,2.1,5.9,8,1.1,0.6,0.7,0.9,1.6,9.3,0.443,0.552,0.256,0.491,0.769,0.51,0,0,0,0,0,0,0,0,0,0,0,0,0,0,0,0,0,0,0,0,0,0,0,0,0,0,0,0,0,0,0,0,0,0,0,0,0,0,0,0,0,0,0,0,0,0,0,0,0,0,0,0,0,0,0,0,0,0,0,0,0
Grayson Allen,2018,-6.3,416,38,2,67,178,35,79,32,99,45,60,3,20,23,25,6,6,33,47,211,1.8,4.7,0.9,2.1,0.8,2.6,1.2,1.6,0.1,0.5,0.6,0.7,0.2,0.2,0.9,1.2,5.6,5.8,15.4,3,6.8,2.8,8.6,3.9,5.2,0.3,1.7,2,2.2,0.5,0.5,2.9,4.1,18.3,0.376,0.443,0.323,0.466,0.75,0.516,-1.8,578,33,0,92,199,51,95,41,104,33,39,5,67,72,47,9,1,28,42,258,2.8,6,1.5,2.9,1.2,3.2,1,1.2,0.2,2,2.2,1.4,0.3,0,0.8,1.3,7.8,5.7,12.4,3.2,5.9,2.6,6.5,2.1,2.4,0.3,4.2,4.5,2.9,0.6,0.1,1.7,2.6,16.1,0.462,0.537,0.394,0.565,0.846,0.597
Donte DiVincenzo,2018,-2.2,411,27,0,50,124,28,41,22,83,9,12,16,49,65,31,13,6,19,38,131,1.9,4.6,1,1.5,0.8,3.1,0.3,0.4,0.6,1.8,2.4,1.1,0.5,0.2,0.7,1.4,4.9,4.4,10.9,2.5,3.6,1.9,7.3,0.8,1.1,1.4,4.3,5.7,2.7,1.1,0.5,1.7,3.3,11.5,0.403,0.683,0.265,0.492,0.75,0.507,1.9,1435,62,24,222,480,142,244,80,236,60,80,61,239,300,146,82,18,79,104,584,3.6,7.7,2.3,3.9,1.3,3.8,1,1.3,1,3.9,4.8,2.4,1.3,0.3,1.3,1.7,9.4,5.6,12,3.6,6.1,2,5.9,1.5,2,1.5,6,7.5,3.7,2.1,0.5,2,2.6,14.7,0.463,0.582,0.339,0.546,0.75,0.567
Anžejs Pasečņiks,2017,-5.5,409,25,0,57,107,57,105,0,2,32,54,39,60,99,17,8,12,23,67,146,2.3,4.3,2.3,4.2,0,0.1,1.3,2.2,1.6,2.4,4,0.7,0.3,0.5,0.9,2.7,5.8,5,9.4,5,9.2,0,0.2,2.8,4.8,3.4,5.3,8.7,1.5,0.7,1.1,2,5.9,12.9,0.533,0.543,0,0.533,0.593,0.558,0,0,0,0,0,0,0,0,0,0,0,0,0,0,0,0,0,0,0,0,0,0,0,0,0,0,0,0,0,0,0,0,0,0,0,0,0,0,0,0,0,0,0,0,0,0,0,0,0,0,0,0,0,0,0,0,0,0,0,0,0
Wade Baldwin,2016,-5.5,405,33,1,36,115,33,93,3,22,31,37,11,35,46,61,18,7,39,40,106,1.1,3.5,1,2.8,0.1,0.7,0.9,1.1,0.3,1.1,1.4,1.8,0.5,0.2,1.2,1.2,3.2,3.2,10.2,2.9,8.3,0.3,2,2.8,3.3,1,3.1,4.1,5.4,1.6,0.6,3.5,3.6,9.4,0.313,0.355,0.136,0.326,0.838,0.404,1.9,80,7,0,14,21,10,16,4,5,6,10,1,7,8,5,2,1,4,12,38,2,3,1.4,2.3,0.6,0.7,0.9,1.4,0.1,1,1.1,0.7,0.3,0.1,0.6,1.7,5.4,6.3,9.5,4.5,7.2,1.8,2.3,2.7,4.5,0.5,3.2,3.6,2.3,0.9,0.5,1.8,5.4,17.1,0.667,0.625,0.8,0.762,0.6,0.748
Kay Felder,2016,-2.4,386,42,0,62,158,55,136,7,22,35,49,3,38,41,58,18,7,30,38,166,1.5,3.8,1.3,3.2,0.2,0.5,0.8,1.2,0.1,0.9,1,1.4,0.4,0.2,0.7,0.9,4,5.8,14.7,5.1,12.7,0.7,2.1,3.3,4.6,0.3,3.5,3.8,5.4,1.7,0.7,2.8,3.5,15.5,0.392,0.404,0.318,0.415,0.714,0.462,-11.1,140,16,0,21,70,17,51,4,19,11,12,3,15,18,20,3,1,16,11,57,1.3,4.4,1.1,3.2,0.3,1.2,0.7,0.8,0.2,0.9,1.1,1.3,0.2,0.1,1,0.7,3.6,5.4,18,4.4,13.1,1,4.9,2.8,3.1,0.8,3.9,4.6,5.1,0.8,0.3,4.1,2.8,14.7,0.3,0.333,0.211,0.329,0.917,0.379
Joe Young,2015,-4.7,384,41,0,62,169,52,123,10,46,20,25,6,44,50,65,15,0,33,30,154,1.5,4.1,1.3,3,0.2,1.1,0.5,0.6,0.1,1.1,1.2,1.6,0.4,0,0.8,0.7,3.8,5.8,15.8,4.9,11.5,0.9,4.3,1.9,2.3,0.6,4.1,4.7,6.1,1.4,0,3.1,2.8,14.4,0.367,0.423,0.217,0.396,0.8,0.428,-5.2,135,33,0,26,72,21,49,5,23,11,15,1,16,17,15,4,0,5,5,68,0.8,2.2,0.6,1.5,0.2,0.7,0.3,0.5,0,0.5,0.5,0.5,0.1,0,0.2,0.2,2.1,6.9,19.2,5.6,13.1,1.3,6.1,2.9,4,0.3,4.3,4.5,4,1.1,0,1.3,1.3,18.1,0.361,0.429,0.217,0.396,0.733,0.433
Darrun Hilliard,2015,-2.5,383,38,2,52,131,33,81,19,50,29,40,5,40,45,27,9,1,19,28,152,1.4,3.4,0.9,2.1,0.5,1.3,0.8,1.1,0.1,1.1,1.2,0.7,0.2,0,0.5,0.7,4,4.9,12.3,3.1,7.6,1.8,4.7,2.7,3.8,0.5,3.8,4.2,2.5,0.8,0.1,1.8,2.6,14.3,0.397,0.407,0.38,0.469,0.725,0.511,-6,381,39,1,47,126,35,80,12,46,21,28,2,31,33,33,11,2,28,39,127,1.2,3.2,0.9,2.1,0.3,1.2,0.5,0.7,0.1,0.8,0.8,0.8,0.3,0.1,0.7,1,3.3,4.4,11.9,3.3,7.6,1.1,4.3,2,2.6,0.2,2.9,3.1,3.1,1,0.2,2.6,3.7,12,0.373,0.438,0.261,0.421,0.75,0.459
Jarell Martin,2015,-3.7,380,27,0,54,116,54,114,0,2,45,62,39,47,86,15,8,7,19,58,153,2,4.3,2,4.2,0,0.1,1.7,2.3,1.4,1.7,3.2,0.6,0.3,0.3,0.7,2.1,5.7,5.1,11,5.1,10.8,0,0.2,4.3,5.9,3.7,4.5,8.1,1.4,0.8,0.7,1.8,5.5,14.5,0.466,0.474,0,0.466,0.726,0.534,-5.8,558,42,3,58,151,49,126,9,25,40,50,42,120,162,8,17,9,28,91,165,1.4,3.6,1.2,3,0.2,0.6,1,1.2,1,2.9,3.9,0.2,0.4,0.2,0.7,2.2,3.9,3.7,9.7,3.2,8.1,0.6,1.6,2.6,3.2,2.7,7.7,10.5,0.5,1.1,0.6,1.8,5.9,10.6,0.384,0.389,0.36,0.414,0.8,0.477
Montrezl Harrell,2015,-0.6,379,39,1,58,90,58,89,0,1,24,46,25,40,65,17,11,11,17,48,140,1.5,2.3,1.5,2.3,0,0,0.6,1.2,0.6,1,1.7,0.4,0.3,0.3,0.4,1.2,3.6,5.5,8.5,5.5,8.5,0,0.1,2.3,4.4,2.4,3.8,6.2,1.6,1,1,1.6,4.6,13.3,0.644,0.652,0,0.644,0.522,0.635,1,1064,58,14,225,345,224,338,1,7,76,121,81,138,219,64,20,42,44,126,527,3.9,5.9,3.9,5.8,0,0.1,1.3,2.1,1.4,2.4,3.8,1.1,0.3,0.7,0.8,2.2,9.1,7.6,11.7,7.6,11.4,0,0.2,2.6,4.1,2.7,4.7,7.4,2.2,0.7,1.4,1.5,4.3,17.8,0.652,0.663,0.143,0.654,0.628,0.662
DeAndre' Bembry,2016,-3.5,371,38,1,47,98,46,80,1,18,6,16,14,45,59,28,8,5,16,21,101,1.2,2.6,1.2,2.1,0,0.5,0.2,0.4,0.4,1.2,1.6,0.7,0.2,0.1,0.4,0.6,2.7,4.6,9.5,4.5,7.8,0.1,1.7,0.6,1.6,1.4,4.4,5.7,2.7,0.8,0.5,1.6,2,9.8,0.48,0.575,0.056,0.485,0.375,0.481,-4.7,455,26,3,53,128,42,98,11,30,19,33,8,64,72,49,21,12,47,38,136,2,4.9,1.6,3.8,0.4,1.2,0.7,1.3,0.3,2.5,2.8,1.9,0.8,0.5,1.8,1.5,5.2,4.2,10.1,3.3,7.8,0.9,2.4,1.5,2.6,0.6,5.1,5.7,3.9,1.7,0.9,3.7,3,10.8,0.414,0.429,0.367,0.457,0.576,0.477
Chris McCullough,2015,-2.4,362,24,4,44,109,31,75,13,34,11,23,25,43,68,9,28,12,15,39,112,1.8,4.5,1.3,3.1,0.5,1.4,0.5,1,1,1.8,2.8,0.4,1.2,0.5,0.6,1.6,4.7,4.4,10.8,3.1,7.5,1.3,3.4,1.1,2.3,2.5,4.3,6.8,0.9,2.8,1.2,1.5,3.9,11.1,0.404,0.413,0.382,0.463,0.478,0.47,-3.6,80,16,0,16,32,15,25,1,7,3,5,9,10,19,2,2,2,3,7,36,1,2,0.9,1.6,0.1,0.4,0.2,0.3,0.6,0.6,1.2,0.1,0.1,0.1,0.2,0.4,2.3,7.2,14.4,6.8,11.3,0.5,3.2,1.4,2.3,4.1,4.5,8.6,0.9,0.9,0.9,1.4,3.2,16.2,0.5,0.6,0.143,0.516,0.6,0.526
Georgios Papagiannis,2016,-3.8,355,22,0,56,102,56,100,0,2,12,14,24,62,86,20,3,17,24,44,124,2.5,4.6,2.5,4.5,0,0.1,0.5,0.6,1.1,2.8,3.9,0.9,0.1,0.8,1.1,2,5.6,5.7,10.3,5.7,10.1,0,0.2,1.2,1.4,2.4,6.3,8.7,2,0.3,1.7,2.4,4.5,12.6,0.549,0.56,0,0.549,0.857,0.573,-4.1,122,17,0,18,42,18,42,0,0,0,0,13,24,37,9,4,6,8,12,36,1.1,2.5,1.1,2.5,0,0,0,0,0.8,1.4,2.2,0.5,0.2,0.4,0.5,0.7,2.1,5.3,12.4,5.3,12.4,0,0,0,0,3.8,7.1,10.9,2.7,1.2,1.8,2.4,3.5,10.6,0.429,0.429,0,0.429,0,0.429
Dejounte Murray,2016,-4.8,322,38,8,50,116,41,93,9,23,21,30,6,36,42,48,8,6,38,29,130,1.3,3.1,1.1,2.4,0.2,0.6,0.6,0.8,0.2,0.9,1.1,1.3,0.2,0.2,1,0.8,3.4,5.6,13,4.6,10.4,1,2.6,2.3,3.4,0.7,4,4.7,5.4,0.9,0.7,4.2,3.2,14.5,0.431,0.441,0.391,0.47,0.7,0.503,0.5,1743,81,48,270,609,261,575,9,34,105,148,110,349,459,231,97,31,134,151,654,3.3,7.5,3.2,7.1,0.1,0.4,1.3,1.8,1.4,4.3,5.7,2.9,1.2,0.4,1.7,1.9,8.1,5.6,12.6,5.4,11.9,0.2,0.7,2.2,3.1,2.3,7.2,9.5,4.8,2,0.6,2.8,3.1,13.5,0.443,0.454,0.265,0.451,0.709,0.485
Jerome Robinson,2018,-4.7,320,33,0,44,110,26,53,18,57,6,9,3,38,41,19,11,3,13,46,112,1.3,3.3,0.8,1.6,0.5,1.7,0.2,0.3,0.1,1.2,1.2,0.6,0.3,0.1,0.4,1.4,3.4,5,12.4,2.9,6,2,6.4,0.7,1,0.3,4.3,4.6,2.1,1.2,0.3,1.5,5.2,12.6,0.4,0.491,0.316,0.482,0.667,0.491,-4.2,836,58,4,93,255,55,130,38,125,26,38,12,103,115,70,24,15,38,93,250,1.6,4.4,0.9,2.2,0.7,2.2,0.4,0.7,0.2,1.8,2,1.2,0.4,0.3,0.7,1.6,4.3,4,11,2.4,5.6,1.6,5.4,1.1,1.6,0.5,4.4,5,3,1,0.6,1.6,4,10.8,0.365,0.423,0.304,0.439,0.684,0.46
R.J. Hunter,2015,-2.1,315,36,0,36,98,17,35,19,63,6,7,2,35,37,13,14,4,11,29,97,1,2.7,0.5,1,0.5,1.8,0.2,0.2,0.1,1,1,0.4,0.4,0.1,0.3,0.8,2.7,4.1,11.2,1.9,4,2.2,7.2,0.7,0.8,0.2,4,4.2,1.5,1.6,0.5,1.3,3.3,11.1,0.367,0.486,0.302,0.464,0.857,0.48,-9,9,3,0,0,1,0,0,0,1,0,0,0,1,1,0,0,0,0,0,0,0,0.3,0,0,0,0.3,0,0,0,0.3,0.3,0,0,0,0,0,0,0,4,0,0,0,4,0,0,0,4,4,0,0,0,0,0,0,0,0,0,0,0,0
Terry Rozier,2015,-6.1,311,39,0,29,106,23,79,6,27,8,10,24,39,63,37,6,1,19,23,72,0.7,2.7,0.6,2,0.2,0.7,0.2,0.3,0.6,1,1.6,0.9,0.2,0,0.5,0.6,1.8,3.4,12.3,2.7,9.1,0.7,3.1,0.9,1.2,2.8,4.5,7.3,4.3,0.7,0.1,2.2,2.7,8.3,0.274,0.291,0.222,0.302,0.8,0.326,-1.4,1263,74,0,151,411,94,232,57,179,51,66,40,187,227,131,46,11,47,69,410,2,5.6,1.3,3.1,0.8,2.4,0.7,0.9,0.5,2.5,3.1,1.8,0.6,0.1,0.6,0.9,5.5,4.3,11.7,2.7,6.6,1.6,5.1,1.5,1.9,1.1,5.3,6.5,3.7,1.3,0.3,1.3,2,11.7,0.367,0.405,0.318,0.437,0.773,0.466
Robert Williams,2018,1.8,283,32,2,36,51,36,51,0,0,9,15,27,54,81,7,9,40,10,36,81,1.1,1.6,1.1,1.6,0,0,0.3,0.5,0.8,1.7,2.5,0.2,0.3,1.3,0.3,1.1,2.5,4.6,6.5,4.6,6.5,0,0,1.1,1.9,3.4,6.9,10.3,0.9,1.1,5.1,1.3,4.6,10.3,0.706,0.706,0,0.706,0.6,0.703,3.6,323,24,1,42,62,42,62,0,0,14,25,34,74,108,22,20,28,20,43,98,1.8,2.6,1.8,2.6,0,0,0.6,1,1.4,3.1,4.5,0.9,0.8,1.2,0.8,1.8,4.1,4.7,6.9,4.7,6.9,0,0,1.6,2.8,3.8,8.2,12,2.5,2.2,3.1,2.2,4.8,10.9,0.677,0.677,0,0.677,0.56,0.671
Shake Milton,2018,-3.2,268,20,0,34,87,20,43,14,44,5,7,9,26,35,18,8,8,6,29,87,1.7,4.4,1,2.2,0.7,2.2,0.3,0.4,0.5,1.3,1.8,0.9,0.4,0.4,0.3,1.5,4.4,4.6,11.7,2.7,5.8,1.9,5.9,0.7,0.9,1.2,3.5,4.7,2.4,1.1,1.1,0.8,3.9,11.7,0.391,0.465,0.318,0.471,0.714,0.483,-0.6,657,34,18,114,227,64,116,50,111,41,53,12,62,74,77,19,6,42,77,319,3.4,6.7,1.9,3.4,1.5,3.3,1.2,1.6,0.4,1.8,2.2,2.3,0.6,0.2,1.2,2.3,9.4,6.2,12.4,3.5,6.4,2.7,6.1,2.2,2.9,0.7,3.4,4.1,4.2,1,0.3,2.3,4.2,17.5,0.502,0.552,0.45,0.612,0.774,0.637
Markelle Fultz,2017,-2.6,253,14,0,45,111,45,110,0,1,10,21,11,32,43,53,12,4,17,22,100,3.2,7.9,3.2,7.9,0,0.1,0.7,1.5,0.8,2.3,3.1,3.8,0.9,0.3,1.2,1.6,7.1,6.4,15.8,6.4,15.7,0,0.1,1.4,3,1.6,4.6,6.1,7.5,1.7,0.6,2.4,3.1,14.2,0.405,0.409,0,0.405,0.476,0.416,-3.1,427,19,15,65,155,61,141,4,14,21,37,26,44,70,59,17,5,25,52,155,3.4,8.2,3.2,7.4,0.2,0.7,1.1,1.9,1.4,2.3,3.7,3.1,0.9,0.3,1.3,2.7,8.2,5.5,13.1,5.1,11.9,0.3,1.2,1.8,3.1,2.2,3.7,5.9,5,1.4,0.4,2.1,4.4,13.1,0.419,0.433,0.286,0.432,0.568,0.452
Jake Layman,2016,-6.4,249,35,1,26,89,13,38,13,51,13,17,6,18,24,11,9,3,11,22,78,0.7,2.5,0.4,1.1,0.4,1.5,0.4,0.5,0.2,0.5,0.7,0.3,0.3,0.1,0.3,0.6,2.2,3.8,12.9,1.9,5.5,1.9,7.4,1.9,2.5,0.9,2.6,3.5,1.6,1.3,0.4,1.6,3.2,11.3,0.292,0.342,0.255,0.365,0.765,0.404,-4.3,160,35,1,14,47,10,27,4,20,2,3,4,12,16,11,6,4,5,13,34,0.4,1.3,0.3,0.8,0.1,0.6,0.1,0.1,0.1,0.3,0.5,0.3,0.2,0.1,0.1,0.4,1,3.2,10.6,2.3,6.1,0.9,4.5,0.5,0.7,0.9,2.7,3.6,2.5,1.4,0.9,1.1,2.9,7.7,0.298,0.37,0.2,0.34,0.667,0.352
Davon Reed,2017,-6.4,242,21,1,22,76,11,38,11,38,8,12,2,37,39,13,10,2,10,17,63,1,3.6,0.5,1.8,0.5,1.8,0.4,0.6,0.1,1.8,1.9,0.6,0.5,0.1,0.5,0.8,3,3.3,11.3,1.6,5.7,1.6,5.7,1.2,1.8,0.3,5.5,5.8,1.9,1.5,0.3,1.5,2.5,9.4,0.289,0.289,0.289,0.362,0.667,0.388,-5.5,47,10,0,5,12,3,8,2,4,0,0,2,4,6,3,1,0,1,3,12,0.5,1.2,0.3,0.8,0.2,0.4,0,0,0.2,0.4,0.6,0.3,0.1,0,0.1,0.3,1.2,3.8,9.2,2.3,6.1,1.5,3.1,0,0,1.5,3.1,4.6,2.3,0.8,0,0.8,2.3,9.2,0.417,0.375,0.5,0.5,0,0.5
Deyonta Davis,2016,-4.6,238,36,0,24,47,24,47,0,0,10,18,20,40,60,2,3,17,8,40,58,0.7,1.3,0.7,1.3,0,0,0.3,0.5,0.6,1.1,1.7,0.1,0.1,0.5,0.2,1.1,1.6,3.6,7.1,3.6,7.1,0,0,1.5,2.7,3,6.1,9.1,0.3,0.5,2.6,1.2,6.1,8.8,0.511,0.511,0,0.511,0.556,0.528,-1.5,943,62,6,161,265,161,265,0,0,38,57,75,175,250,40,15,39,32,125,360,2.6,4.3,2.6,4.3,0,0,0.6,0.9,1.2,2.8,4,0.6,0.2,0.6,0.5,2,5.8,6.1,10.1,6.1,10.1,0,0,1.5,2.2,2.9,6.7,9.5,1.5,0.6,1.5,1.2,4.8,13.7,0.608,0.608,0,0.608,0.667,0.621
Guerschon Yabusele,2016,-1.2,235,33,4,26,61,14,24,12,37,15,22,17,35,52,16,4,5,12,23,79,0.8,1.8,0.4,0.7,0.4,1.1,0.5,0.7,0.5,1.1,1.6,0.5,0.1,0.2,0.4,0.7,2.4,4,9.3,2.1,3.7,1.8,5.7,2.3,3.4,2.6,5.4,8,2.5,0.6,0.8,1.8,3.5,12.1,0.426,0.583,0.324,0.525,0.682,0.559,-2.7,251,41,1,35,77,26,49,9,28,15,22,23,30,53,15,8,7,15,32,94,0.9,1.9,0.6,1.2,0.2,0.7,0.4,0.5,0.6,0.7,1.3,0.4,0.2,0.2,0.4,0.8,2.3,5,11,3.7,7,1.3,4,2.2,3.2,3.3,4.3,7.6,2.2,1.1,1,2.2,4.6,13.5,0.455,0.531,0.321,0.513,0.682,0.542
Delon Wright,2015,0.9,229,27,1,36,80,31,67,5,13,26,35,8,29,37,31,8,3,16,7,103,1.3,3,1.1,2.5,0.2,0.5,1,1.3,0.3,1.1,1.4,1.1,0.3,0.1,0.6,0.3,3.8,5.7,12.6,4.9,10.5,0.8,2,4.1,5.5,1.3,4.6,5.8,4.9,1.3,0.5,2.5,1.1,16.2,0.45,0.463,0.385,0.481,0.743,0.54,2,446,27,0,49,116,39,86,10,30,42,55,16,32,48,57,27,11,25,31,150,1.8,4.3,1.4,3.2,0.4,1.1,1.6,2,0.6,1.2,1.8,2.1,1,0.4,0.9,1.1,5.6,4,9.4,3.1,6.9,0.8,2.4,3.4,4.4,1.3,2.6,3.9,4.6,2.2,0.9,2,2.5,12.1,0.422,0.453,0.333,0.466,0.764,0.535
Alec Peters,2017,-2.8,225,20,0,28,74,10,16,18,58,8,10,8,29,37,12,2,2,4,13,82,1.4,3.7,0.5,0.8,0.9,2.9,0.4,0.5,0.4,1.5,1.9,0.6,0.1,0.1,0.2,0.7,4.1,4.5,11.8,1.6,2.6,2.9,9.3,1.3,1.6,1.3,4.6,5.9,1.9,0.3,0.3,0.6,2.1,13.1,0.378,0.625,0.31,0.5,0.8,0.523,0,0,0,0,0,0,0,0,0,0,0,0,0,0,0,0,0,0,0,0,0,0,0,0,0,0,0,0,0,0,0,0,0,0,0,0,0,0,0,0,0,0,0,0,0,0,0,0,0,0,0,0,0,0,0,0,0,0,0,0,0
Isaiah Hartenstein,2017,-3.9,221,28,0,20,41,18,35,2,6,11,14,21,26,47,15,7,12,13,56,53,0.7,1.5,0.6,1.3,0.1,0.2,0.4,0.5,0.8,0.9,1.7,0.5,0.3,0.4,0.5,2,1.9,3.3,6.7,2.9,5.7,0.3,1,1.8,2.3,3.4,4.2,7.7,2.4,1.1,2,2.1,9.1,8.6,0.488,0.514,0.333,0.512,0.786,0.562,0.4,266,23,2,44,67,44,62,0,5,19,28,29,61,90,18,9,12,16,41,107,1.9,2.9,1.9,2.7,0,0.2,0.8,1.2,1.3,2.7,3.9,0.8,0.4,0.5,0.7,1.8,4.7,6,9.1,6,8.4,0,0.7,2.6,3.8,3.9,8.3,12.2,2.4,1.2,1.6,2.2,5.5,14.5,0.657,0.71,0,0.657,0.679,0.674
Ante Žižić,2016,1,214,32,2,49,67,49,67,0,0,21,29,24,36,60,5,2,13,11,30,119,1.5,2.1,1.5,2.1,0,0,0.7,0.9,0.8,1.1,1.9,0.2,0.1,0.4,0.3,0.9,3.7,8.2,11.3,8.2,11.3,0,0,3.5,4.9,4,6.1,10.1,0.8,0.3,2.2,1.9,5,20,0.731,0.731,0,0.731,0.724,0.746,-3.2,1082,59,25,183,331,183,331,0,0,93,132,108,212,320,53,13,22,61,113,459,3.1,5.6,3.1,5.6,0,0,1.6,2.2,1.8,3.6,5.4,0.9,0.2,0.4,1,1.9,7.8,6.1,11,6.1,11,0,0,3.1,4.4,3.6,7.1,10.6,1.8,0.4,0.7,2,3.8,15.3,0.553,0.553,0,0.553,0.705,0.59
Jacob Evans,2018,-8.2,204,30,1,18,53,14,38,4,15,0,1,6,19,25,23,5,3,11,28,40,0.6,1.8,0.5,1.3,0.1,0.5,0,0,0.2,0.6,0.8,0.8,0.2,0.1,0.4,0.9,1.3,3.2,9.4,2.5,6.7,0.7,2.6,0,0.2,1.1,3.4,4.4,4.1,0.9,0.5,1.9,4.9,7.1,0.34,0.368,0.267,0.377,0,0.374,-7,418,29,1,45,134,32,95,13,39,25,29,9,32,41,31,11,12,25,41,128,1.6,4.6,1.1,3.3,0.4,1.3,0.9,1,0.3,1.1,1.4,1.1,0.4,0.4,0.9,1.4,4.4,3.9,11.5,2.8,8.2,1.1,3.4,2.2,2.5,0.8,2.8,3.5,2.7,0.9,1,2.2,3.5,11,0.336,0.337,0.333,0.384,0.862,0.436
